Workbook

Sheet Posts
A1: Post ID | B1: Platform_Clean | C1: Data | D1: Campaign_Name | E1: Content Type | F1: Post Text | G1: Likes | H1: Shares | I1: Comments | J1: Impressions | K1: Reach | L1: Clicks | M1: Hashtag_Clean_1 | N1: hashtag_clean2 | O1: hashtag_clean3 | P1: Engagement_Rate | Q1: Post_Date_Num | R1: Total_Engagement | S1: Period_Type | T1: Follower_Growth | U1: Week
A2: P070 | B2: FACEBOOK | C2: 45749 | D2: =IF( AND(C2 >= 'Campaign Metadata'!J$2, C2 <= 'Campaign Metadata'!H$2), 'Campaign Metadata'!A$2, IF( AND(C2 >= 'Campaign Metadata'!J$3, C2 <= 'Campaign Metadata'!H$3), 'Campaign Metadata'!A$3, IF( AND(C2 >= 'Campaign Metadata'!J$4, C2 <= 'Campaign Metadata'!H$4), 'Campaign Metadata'!A$4, IF( AND(C2 >= 'Campaign Metadata'!J$5, C2 <= 'Campaign Metadata'!H$5), 'Campaign Metadata'!A$5, "Outside Campaign" )))) -> Outside Campaign | E2: Video | F2: Check out our latest video on facebook! | G2: 199 | H2: 772 | I2: 400 | J2: 3582 | K2: 2988 | L2: 43 | M2: PepsiCoRefresh | P2: 0.38274707 | Q2: =DATEVALUE(C2) -> 45749 | R2: =G2 + H2 + I2 -> 1371 | S2: =IF(D2="Outside Campaign","Before Campaign","During Campaign") -> Before Campaign | T2: =IF(B2=B1, K2-K1, 0) -> 0 | U2: =ISOWEEKNUM(C2) -> 14
A3: P224 | B3: FACEBOOK | C3: 45790 | D3: =IF( AND(C3 >= 'Campaign Metadata'!J$2, C3 <= 'Campaign Metadata'!H$2), 'Campaign Metadata'!A$2, IF( AND(C3 >= 'Campaign Metadata'!J$3, C3 <= 'Campaign Metadata'!H$3), 'Campaign Metadata'!A$3, IF( AND(C3 >= 'Campaign Metadata'!J$4, C3 <= 'Campaign Metadata'!H$4), 'Campaign Metadata'!A$4, IF( AND(C3 >= 'Campaign Metadata'!J$5, C3 <= 'Campaign Metadata'!H$5), 'Campaign Metadata'!A$5, "Outside Campaign" )))) -> Outside Campaign | E3: Image | F3: Check out our latest image on facebook! | G3: 602 | H3: 594 | I3: 156 | J3: 4214 | K3: 3363 | L3: 164 | M3: PepsiCoRefresh | P3: 0.32083531 | Q3: =DATEVALUE(C3) -> 45790 | R3: =G3 + H3 + I3 -> 1352 | S3: =IF(D3="Outside Campaign","Before Campaign","During Campaign") -> Before Campaign | T3: =IF(B3=B2, K3-K2, 0) -> 375 | U3: =ISOWEEKNUM(C3) -> 20
A4: P248 | B4: FACEBOOK | C4: 45690 | D4: =IF( AND(C4 >= 'Campaign Metadata'!J$2, C4 <= 'Campaign Metadata'!H$2), 'Campaign Metadata'!A$2, IF( AND(C4 >= 'Campaign Metadata'!J$3, C4 <= 'Campaign Metadata'!H$3), 'Campaign Metadata'!A$3, IF( AND(C4 >= 'Campaign Metadata'!J$4, C4 <= 'Campaign Metadata'!H$4), 'Campaign Metadata'!A$4, IF( AND(C4 >= 'Campaign Metadata'!J$5, C4 <= 'Campaign Metadata'!H$5), 'Campaign Metadata'!A$5, "Outside Campaign" )))) -> NewYearRefresh | E4: Story | F4: Check out our latest story on facebook! | G4: 886 | H4: 126 | I4: 153 | J4: 4430 | K4: 4037 | L4: 212 | M4: ThirstyForMore | P4: 0.26297968 | Q4: =DATEVALUE(C4) -> 45690 | R4: =G4 + H4 + I4 -> 1165 | S4: =IF(D4="Outside Campaign","Before Campaign","During Campaign") -> During Campaign | T4: =IF(B4=B3, K4-K3, 0) -> 674 | U4: =ISOWEEKNUM(C4) -> 5
A5: P259 | B5: FACEBOOK | C5: 45698 | D5: =IF( AND(C5 >= 'Campaign Metadata'!J$2, C5 <= 'Campaign Metadata'!H$2), 'Campaign Metadata'!A$2, IF( AND(C5 >= 'Campaign Metadata'!J$3, C5 <= 'Campaign Metadata'!H$3), 'Campaign Metadata'!A$3, IF( AND(C5 >= 'Campaign Metadata'!J$4, C5 <= 'Campaign Metadata'!H$4), 'Campaign Metadata'!A$4, IF( AND(C5 >= 'Campaign Metadata'!J$5, C5 <= 'Campaign Metadata'!H$5), 'Campaign Metadata'!A$5, "Outside Campaign" )))) -> NewYearRefresh | E5: Text | F5: Check out our latest text on facebook! | G5: 562 | H5: 158 | I5: 149 | J5: 3372 | K5: 2940 | L5: 93 | M5: PepsiCoRefresh | P5: 0.25771056 | Q5: =DATEVALUE(C5) -> 45698 | R5: =G5 + H5 + I5 -> 869 | S5: =IF(D5="Outside Campaign","Before Campaign","During Campaign") -> During Campaign | T5: =IF(B5=B4, K5-K4, 0) -> -1097 | U5: =ISOWEEKNUM(C5) -> 7
A6: P277 | B6: FACEBOOK | C6: 45753 | D6: =IF( AND(C6 >= 'Campaign Metadata'!J$2, C6 <= 'Campaign Metadata'!H$2), 'Campaign Metadata'!A$2, IF( AND(C6 >= 'Campaign Metadata'!J$3, C6 <= 'Campaign Metadata'!H$3), 'Campaign Metadata'!A$3, IF( AND(C6 >= 'Campaign Metadata'!J$4, C6 <= 'Campaign Metadata'!H$4), 'Campaign Metadata'!A$4, IF( AND(C6 >= 'Campaign Metadata'!J$5, C6 <= 'Campaign Metadata'!H$5), 'Campaign Metadata'!A$5, "Outside Campaign" )))) -> Outside Campaign | E6: Image | F6: Check out our latest image on facebook! | G6: 4236 | H6: 711 | I6: 298 | J6: 21180 | K6: 20516 | L6: 238 | M6: LiveForNow | P6: 0.24763928 | Q6: =DATEVALUE(C6) -> 45753 | R6: =G6 + H6 + I6 -> 5245 | S6: =IF(D6="Outside Campaign","Before Campaign","During Campaign") -> Before Campaign | T6: =IF(B6=B5, K6-K5, 0) -> 17576 | U6: =ISOWEEKNUM(C6) -> 14
A7: P246 | B7: FACEBOOK | C7: 45576 | D7: =IF( AND(C7 >= 'Campaign Metadata'!J$2, C7 <= 'Campaign Metadata'!H$2), 'Campaign Metadata'!A$2, IF( AND(C7 >= 'Campaign Metadata'!J$3, C7 <= 'Campaign Metadata'!H$3), 'Campaign Metadata'!A$3, IF( AND(C7 >= 'Campaign Metadata'!J$4, C7 <= 'Campaign Metadata'!H$4), 'Campaign Metadata'!A$4, IF( AND(C7 >= 'Campaign Metadata'!J$5, C7 <= 'Campaign Metadata'!H$5), 'Campaign Metadata'!A$5, "Outside Campaign" )))) -> FestiveRadiance | E7: Image | F7: Check out our latest image on facebook! | G7: 400 | H7: 680 | I7: 434 | J7: 6400 | K7: 5472 | L7: 160 | M7: LiveForNow | P7: 0.2365625 | Q7: =DATEVALUE(C7) -> 45576 | R7: =G7 + H7 + I7 -> 1514 | S7: =IF(D7="Outside Campaign","Before Campaign","During Campaign") -> During Campaign | T7: =IF(B7=B6, K7-K6, 0) -> -15044 | U7: =ISOWEEKNUM(C7) -> 41
A8: P120 | B8: FACEBOOK | C8: 45586 | D8: =IF( AND(C8 >= 'Campaign Metadata'!J$2, C8 <= 'Campaign Metadata'!H$2), 'Campaign Metadata'!A$2, IF( AND(C8 >= 'Campaign Metadata'!J$3, C8 <= 'Campaign Metadata'!H$3), 'Campaign Metadata'!A$3, IF( AND(C8 >= 'Campaign Metadata'!J$4, C8 <= 'Campaign Metadata'!H$4), 'Campaign Metadata'!A$4, IF( AND(C8 >= 'Campaign Metadata'!J$5, C8 <= 'Campaign Metadata'!H$5), 'Campaign Metadata'!A$5, "Outside Campaign" )))) -> FestiveRadiance | E8: Story | F8: Check out our latest story on facebook! | G8: 780 | H8: 928 | I8: 301 | J8: 8580 | K8: 8081 | L8: 91 | M8: ThirstyForMore | P8: 0.23414918 | Q8: =DATEVALUE(C8) -> 45586 | R8: =G8 + H8 + I8 -> 2009 | S8: =IF(D8="Outside Campaign","Before Campaign","During Campaign") -> During Campaign | T8: =IF(B8=B7, K8-K7, 0) -> 2609 | U8: =ISOWEEKNUM(C8) -> 43
A9: P159 | B9: FACEBOOK | C9: 45621 | D9: =IF( AND(C9 >= 'Campaign Metadata'!J$2, C9 <= 'Campaign Metadata'!H$2), 'Campaign Metadata'!A$2, IF( AND(C9 >= 'Campaign Metadata'!J$3, C9 <= 'Campaign Metadata'!H$3), 'Campaign Metadata'!A$3, IF( AND(C9 >= 'Campaign Metadata'!J$4, C9 <= 'Campaign Metadata'!H$4), 'Campaign Metadata'!A$4, IF( AND(C9 >= 'Campaign Metadata'!J$5, C9 <= 'Campaign Metadata'!H$5), 'Campaign Metadata'!A$5, "Outside Campaign" )))) -> FestiveRadiance | E9: Story | F9: Check out our latest story on facebook! | G9: 2120 | H9: 158 | I9: 488 | J9: 12720 | K9: 12085 | L9: 17 | M9: LiveForNow | P9: 0.21745283 | Q9: =DATEVALUE(C9) -> 45621 | R9: =G9 + H9 + I9 -> 2766 | S9: =IF(D9="Outside Campaign","Before Campaign","During Campaign") -> During Campaign | T9: =IF(B9=B8, K9-K8, 0) -> 4004 | U9: =ISOWEEKNUM(C9) -> 48
A10: P137 | B10: FACEBOOK | C10: 45504 | D10: =IF( AND(C10 >= 'Campaign Metadata'!J$2, C10 <= 'Campaign Metadata'!H$2), 'Campaign Metadata'!A$2, IF( AND(C10 >= 'Campaign Metadata'!J$3, C10 <= 'Campaign Metadata'!H$3), 'Campaign Metadata'!A$3, IF( AND(C10 >= 'Campaign Metadata'!J$4, C10 <= 'Campaign Metadata'!H$4), 'Campaign Metadata'!A$4, IF( AND(C10 >= 'Campaign Metadata'!J$5, C10 <= 'Campaign Metadata'!H$5), 'Campaign Metadata'!A$5, "Outside Campaign" )))) -> SummerSplash | E10: Video | F10: Check out our latest video on facebook! | G10: 3008 | H10: 94 | I10: 37 | J10: 15040 | K10: 14639 | L10: 277 | M10: LiveForNow | P10: 0.20871011 | Q10: =DATEVALUE(C10) -> 45504 | R10: =G10 + H10 + I10 -> 3139 | S10: =IF(D10="Outside Campaign","Before Campaign","During Campaign") -> During Campaign | T10: =IF(B10=B9, K10-K9, 0) -> 2554 | U10: =ISOWEEKNUM(C10) -> 31
A11: P077 | B11: FACEBOOK | C11: 45720 | D11: =IF( AND(C11 >= 'Campaign Metadata'!J$2, C11 <= 'Campaign Metadata'!H$2), 'Campaign Metadata'!A$2, IF( AND(C11 >= 'Campaign Metadata'!J$3, C11 <= 'Campaign Metadata'!H$3), 'Campaign Metadata'!A$3, IF( AND(C11 >= 'Campaign Metadata'!J$4, C11 <= 'Campaign Metadata'!H$4), 'Campaign Metadata'!A$4, IF( AND(C11 >= 'Campaign Metadata'!J$5, C11 <= 'Campaign Metadata'!H$5), 'Campaign Metadata'!A$5, "Outside Campaign" )))) -> Outside Campaign | E11: Story | F11: Check out our latest story on facebook! | G11: 1249 | H11: 116 | I11: 420 | J11: 8743 | K11: 8538 | L11: 63 | M11: PepsiCoRefresh | P11: 0.20416333 | Q11: =DATEVALUE(C11) -> 45720 | R11: =G11 + H11 + I11 -> 1785 | S11: =IF(D11="Outside Campaign","Before Campaign","During Campaign") -> Before Campaign | T11: =IF(B11=B10, K11-K10, 0) -> -6101 | U11: =ISOWEEKNUM(C11) -> 10
A12: P152 | B12: FACEBOOK | C12: 45769 | D12: =IF( AND(C12 >= 'Campaign Metadata'!J$2, C12 <= 'Campaign Metadata'!H$2), 'Campaign Metadata'!A$2, IF( AND(C12 >= 'Campaign Metadata'!J$3, C12 <= 'Campaign Metadata'!H$3), 'Campaign Metadata'!A$3, IF( AND(C12 >= 'Campaign Metadata'!J$4, C12 <= 'Campaign Metadata'!H$4), 'Campaign Metadata'!A$4, IF( AND(C12 >= 'Campaign Metadata'!J$5, C12 <= 'Campaign Metadata'!H$5), 'Campaign Metadata'!A$5, "Outside Campaign" )))) -> Outside Campaign | E12: Image | F12: Check out our latest image on facebook! | G12: 4804 | H12: 550 | I12: 270 | J12: 28824 | K12: 28370 | L12: 47 | M12: ThirstyForMore | P12: 0.19511518 | Q12: =DATEVALUE(C12) -> 45769 | R12: =G12 + H12 + I12 -> 5624 | S12: =IF(D12="Outside Campaign","Before Campaign","During Campaign") -> Before Campaign | T12: =IF(B12=B11, K12-K11, 0) -> 19832 | U12: =ISOWEEKNUM(C12) -> 17
A13: P218 | B13: FACEBOOK | C13: 45454 | D13: =IF( AND(C13 >= 'Campaign Metadata'!J$2, C13 <= 'Campaign Metadata'!H$2), 'Campaign Metadata'!A$2, IF( AND(C13 >= 'Campaign Metadata'!J$3, C13 <= 'Campaign Metadata'!H$3), 'Campaign Metadata'!A$3, IF( AND(C13 >= 'Campaign Metadata'!J$4, C13 <= 'Campaign Metadata'!H$4), 'Campaign Metadata'!A$4, IF( AND(C13 >= 'Campaign Metadata'!J$5, C13 <= 'Campaign Metadata'!H$5), 'Campaign Metadata'!A$5, "Outside Campaign" )))) -> SummerSplash | E13: Carousel | F13: Check out our latest carousel on facebook! | G13: 1869 | H13: 453 | I13: 490 | J13: 14952 | K13: 14309 | L13: 275 | M13: PepsiCoRefresh | P13: 0.18806849 | Q13: =DATEVALUE(C13) -> 45454 | R13: =G13 + H13 + I13 -> 2812 | S13: =IF(D13="Outside Campaign","Before Campaign","During Campaign") -> During Campaign | T13: =IF(B13=B12, K13-K12, 0) -> -14061 | U13: =ISOWEEKNUM(C13) -> 24
... A22: P052 | B22: FACEBOOK | C22: 45660 | D22: =IF( AND(C22 >= 'Campaign Metadata'!J$2, C22 <= 'Campaign Metadata'!H$2), 'Campaign Metadata'!A$2, IF( AND(C22 >= 'Campaign Metadata'!J$3, C22 <= 'Campaign Metadata'!H$3), 'Campaign Metadata'!A$3, IF( AND(C22 >= 'Campaign Metadata'!J$4, C22 <= 'Campaign Metadata'!H$4), 'Campaign Metadata'!A$4, IF( AND(C22 >= 'Campaign Metadata'!J$5, C22 <= 'Campaign Metadata'!H$5), 'Campaign Metadata'!A$5, "Outside Campaign" )))) -> NewYearRefresh | E22: Image | F22: Check out our latest image on facebook! | G22: 947 | H22: 338 | I22: 350 | J22: 10417 | K22: 9730 | L22: 34 | M22: PepsiCoRefresh | P22: 0.15695498 | Q22: =DATEVALUE(C22) -> 45660 | R22: =G22 + H22 + I22 -> 1635 | S22: =IF(D22="Outside Campaign","Before Campaign","During Campaign") -> During Campaign | T22: =IF(B22=B21, K22-K21, 0) -> -6579 | U22: =ISOWEEKNUM(C22) -> 1
A23: P140 | B23: FACEBOOK | C23: 45488 | D23: =IF( AND(C23 >= 'Campaign Metadata'!J$2, C23 <= 'Campaign Metadata'!H$2), 'Campaign Metadata'!A$2, IF( AND(C23 >= 'Campaign Metadata'!J$3, C23 <= 'Campaign Metadata'!H$3), 'Campaign Metadata'!A$3, IF( AND(C23 >= 'Campaign Metadata'!J$4, C23 <= 'Campaign Metadata'!H$4), 'Campaign Metadata'!A$4, IF( AND(C23 >= 'Campaign Metadata'!J$5, C23 <= 'Campaign Metadata'!H$5), 'Campaign Metadata'!A$5, "Outside Campaign" )))) -> SummerSplash | E23: Image | F23: Check out our latest image on facebook! | G23: 2291 | H23: 78 | I23: 485 | J23: 18328 | K23: 18101 | L23: 10 | M23: ThirstyForMore | N23: SmoothLikeNitroPepsi | P23: 0.15571803 | Q23: =DATEVALUE(C23) -> 45488 | R23: =G23 + H23 + I23 -> 2854 | S23: =IF(D23="Outside Campaign","Before Campaign","During Campaign") -> During Campaign | T23: =IF(B23=B22, K23-K22, 0) -> 8371 | U23: =ISOWEEKNUM(C23) -> 29
A24: P014 | B24: FACEBOOK | C24: 45704 | D24: =IF( AND(C24 >= 'Campaign Metadata'!J$2, C24 <= 'Campaign Metadata'!H$2), 'Campaign Metadata'!A$2, IF( AND(C24 >= 'Campaign Metadata'!J$3, C24 <= 'Campaign Metadata'!H$3), 'Campaign Metadata'!A$3, IF( AND(C24 >= 'Campaign Metadata'!J$4, C24 <= 'Campaign Metadata'!H$4), 'Campaign Metadata'!A$4, IF( AND(C24 >= 'Campaign Metadata'!J$5, C24 <= 'Campaign Metadata'!H$5), 'Campaign Metadata'!A$5, "Outside Campaign" )))) -> NewYearRefresh | E24: Story | F24: Check out our latest story on facebook! | G24: 4242 | H24: 555 | I24: 131 | J24: 33936 | K24: 33802 | L24: 265 | M24: LiveForNow | P24: 0.14521452 | Q24: =DATEVALUE(C24) -> 45704 | R24: =G24 + H24 + I24 -> 4928 | S24: =IF(D24="Outside Campaign","Before Campaign","During Campaign") -> During Campaign | T24: =IF(B24=B23, K24-K23, 0) -> 15701 | U24: =ISOWEEKNUM(C24) -> 7
A25: P299 | B25: FACEBOOK | C25: 45530 | D25: =IF( AND(C25 >= 'Campaign Metadata'!J$2, C25 <= 'Campaign Metadata'!H$2), 'Campaign Metadata'!A$2, IF( AND(C25 >= 'Campaign Metadata'!J$3, C25 <= 'Campaign Metadata'!H$3), 'Campaign Metadata'!A$3, IF( AND(C25 >= 'Campaign Metadata'!J$4, C25 <= 'Campaign Metadata'!H$4), 'Campaign Metadata'!A$4, IF( AND(C25 >= 'Campaign Metadata'!J$5, C25 <= 'Campaign Metadata'!H$5), 'Campaign Metadata'!A$5, "Outside Campaign" )))) -> SummerSplash | E25: Image | F25: Check out our latest image on facebook! | G25: 2581 | H25: 517 | I25: 117 | J25: 23229 | K25: 22331 | L25: 70 | M25: LiveForNow | P25: 0.13840458 | Q25: =DATEVALUE(C25) -> 45530 | R25: =G25 + H25 + I25 -> 3215 | S25: =IF(D25="Outside Campaign","Before Campaign","During Campaign") -> During Campaign | T25: =IF(B25=B24, K25-K24, 0) -> -11471 | U25: =ISOWEEKNUM(C25) -> 35
A26: P174 | B26: FACEBOOK | C26: 45465 | D26: =IF( AND(C26 >= 'Campaign Metadata'!J$2, C26 <= 'Campaign Metadata'!H$2), 'Campaign Metadata'!A$2, IF( AND(C26 >= 'Campaign Metadata'!J$3, C26 <= 'Campaign Metadata'!H$3), 'Campaign Metadata'!A$3, IF( AND(C26 >= 'Campaign Metadata'!J$4, C26 <= 'Campaign Metadata'!H$4), 'Campaign Metadata'!A$4, IF( AND(C26 >= 'Campaign Metadata'!J$5, C26 <= 'Campaign Metadata'!H$5), 'Campaign Metadata'!A$5, "Outside Campaign" )))) -> SummerSplash | E26: Text | F26: Check out our latest text on facebook! | G26: 3828 | H26: 148 | I26: 253 | J26: 30624 | K26: 30229 | L26: 235 | M26: ThirstyForMore | P26: 0.13809431 | Q26: =DATEVALUE(C26) -> 45465 | R26: =G26 + H26 + I26 -> 4229 | S26: =IF(D26="Outside Campaign","Before Campaign","During Campaign") -> During Campaign | T26: =IF(B26=B25, K26-K25, 0) -> 7898 | U26: =ISOWEEKNUM(C26) -> 25
A27: P088 | B27: FACEBOOK | C27: 45480 | D27: =IF( AND(C27 >= 'Campaign Metadata'!J$2, C27 <= 'Campaign Metadata'!H$2), 'Campaign Metadata'!A$2, IF( AND(C27 >= 'Campaign Metadata'!J$3, C27 <= 'Campaign Metadata'!H$3), 'Campaign Metadata'!A$3, IF( AND(C27 >= 'Campaign Metadata'!J$4, C27 <= 'Campaign Metadata'!H$4), 'Campaign Metadata'!A$4, IF( AND(C27 >= 'Campaign Metadata'!J$5, C27 <= 'Campaign Metadata'!H$5), 'Campaign Metadata'!A$5, "Outside Campaign" )))) -> SummerSplash | E27: Story | F27: Check out our latest story on facebook! | G27: 302 | H27: 47 | I27: 430 | J27: 5738 | K27: 4890 | L27: 25 | M27: PepsiCoRefresh | P27: 0.13576159 | Q27: =DATEVALUE(C27) -> 45480 | R27: =G27 + H27 + I27 -> 779 | S27: =IF(D27="Outside Campaign","Before Campaign","During Campaign") -> During Campaign | T27: =IF(B27=B26, K27-K26, 0) -> -25339 | U27: =ISOWEEKNUM(C27) -> 27
A28: P236 | B28: FACEBOOK | C28: 45523 | D28: =IF( AND(C28 >= 'Campaign Metadata'!J$2, C28 <= 'Campaign Metadata'!H$2), 'Campaign Metadata'!A$2, IF( AND(C28 >= 'Campaign Metadata'!J$3, C28 <= 'Campaign Metadata'!H$3), 'Campaign Metadata'!A$3, IF( AND(C28 >= 'Campaign Metadata'!J$4, C28 <= 'Campaign Metadata'!H$4), 'Campaign Metadata'!A$4, IF( AND(C28 >= 'Campaign Metadata'!J$5, C28 <= 'Campaign Metadata'!H$5), 'Campaign Metadata'!A$5, "Outside Campaign" )))) -> SummerSplash | E28: Text | F28: Check out our latest text on facebook! | G28: 1257 | H28: 19 | I28: 351 | J28: 12570 | K28: 11660 | L28: 194 | M28: LiveForNow | N28: AnytimeIsPepsiTime | O28: ThirstyForMore | P28: 0.12943516 | Q28: =DATEVALUE(C28) -> 45523 | R28: =G28 + H28 + I28 -> 1627 | S28: =IF(D28="Outside Campaign","Before Campaign","During Campaign") -> During Campaign | T28: =IF(B28=B27, K28-K27, 0) -> 6770 | U28: =ISOWEEKNUM(C28) -> 34
A29: P056 | B29: FACEBOOK | C29: 45644 | D29: =IF( AND(C29 >= 'Campaign Metadata'!J$2, C29 <= 'Campaign Metadata'!H$2), 'Campaign Metadata'!A$2, IF( AND(C29 >= 'Campaign Metadata'!J$3, C29 <= 'Campaign Metadata'!H$3), 'Campaign Metadata'!A$3, IF( AND(C29 >= 'Campaign Metadata'!J$4, C29 <= 'Campaign Metadata'!H$4), 'Campaign Metadata'!A$4, IF( AND(C29 >= 'Campaign Metadata'!J$5, C29 <= 'Campaign Metadata'!H$5), 'Campaign Metadata'!A$5, "Outside Campaign" )))) -> FestiveRadiance | E29: Carousel | F29: Check out our latest carousel on facebook! | G29: 2946 | H29: 498 | I29: 367 | J29: 29460 | K29: 28527 | L29: 60 | M29: LiveForNow | P29: 0.12936185 | Q29: =DATEVALUE(C29) -> 45644 | R29: =G29 + H29 + I29 -> 3811 | S29: =IF(D29="Outside Campaign","Before Campaign","During Campaign") -> During Campaign | T29: =IF(B29=B28, K29-K28, 0) -> 16867 | U29: =ISOWEEKNUM(C29) -> 51
A30: P012 | B30: FACEBOOK | C30: 45494 | D30: =IF( AND(C30 >= 'Campaign Metadata'!J$2, C30 <= 'Campaign Metadata'!H$2), 'Campaign Metadata'!A$2, IF( AND(C30 >= 'Campaign Metadata'!J$3, C30 <= 'Campaign Metadata'!H$3), 'Campaign Metadata'!A$3, IF( AND(C30 >= 'Campaign Metadata'!J$4, C30 <= 'Campaign Metadata'!H$4), 'Campaign Metadata'!A$4, IF( AND(C30 >= 'Campaign Metadata'!J$5, C30 <= 'Campaign Metadata'!H$5), 'Campaign Metadata'!A$5, "Outside Campaign" )))) -> SummerSplash | E30: Reel | F30: Check out our latest reel on facebook! | G30: 1946 | H30: 686 | I30: 377 | J30: 23352 | K30: 22982 | L30: 213 | M30: LiveForNow | P30: 0.12885406 | Q30: =DATEVALUE(C30) -> 45494 | R30: =G30 + H30 + I30 -> 3009 | S30: =IF(D30="Outside Campaign","Before Campaign","During Campaign") -> During Campaign | T30: =IF(B30=B29, K30-K29, 0) -> -5545 | U30: =ISOWEEKNUM(C30) -> 29
A31: P235 | B31: FACEBOOK | C31: 45648 | D31: =IF( AND(C31 >= 'Campaign Metadata'!J$2, C31 <= 'Campaign Metadata'!H$2), 'Campaign Metadata'!A$2, IF( AND(C31 >= 'Campaign Metadata'!J$3, C31 <= 'Campaign Metadata'!H$3), 'Campaign Metadata'!A$3, IF( AND(C31 >= 'Campaign Metadata'!J$4, C31 <= 'Campaign Metadata'!H$4), 'Campaign Metadata'!A$4, IF( AND(C31 >= 'Campaign Metadata'!J$5, C31 <= 'Campaign Metadata'!H$5), 'Campaign Metadata'!A$5, "Outside Campaign" )))) -> FestiveRadiance | E31: Image | F31: Check out our latest image on facebook! | G31: 3196 | H31: 941 | I31: 376 | J31: 35156 | K31: 34444 | L31: 241 | M31: PepsiCoRefresh | P31: 0.12837069 | Q31: =DATEVALUE(C31) -> 45648 | R31: =G31 + H31 + I31 -> 4513 | S31: =IF(D31="Outside Campaign","Before Campaign","During Campaign") -> During Campaign | T31: =IF(B31=B30, K31-K30, 0) -> 11462 | U31: =ISOWEEKNUM(C31) -> 51
A32: P033 | B32: FACEBOOK | C32: 45525 | D32: =IF( AND(C32 >= 'Campaign Metadata'!J$2, C32 <= 'Campaign Metadata'!H$2), 'Campaign Metadata'!A$2, IF( AND(C32 >= 'Campaign Metadata'!J$3, C32 <= 'Campaign Metadata'!H$3), 'Campaign Metadata'!A$3, IF( AND(C32 >= 'Campaign Metadata'!J$4, C32 <= 'Campaign Metadata'!H$4), 'Campaign Metadata'!A$4, IF( AND(C32 >= 'Campaign Metadata'!J$5, C32 <= 'Campaign Metadata'!H$5), 'Campaign Metadata'!A$5, "Outside Campaign" )))) -> SummerSplash | E32: Image | F32: Check out our latest image on facebook! | G32: 1407 | H32: 400 | I32: 351 | J32: 16884 | K32: 15954 | L32: 113 | M32: PepsiCoRefresh | P32: 0.12781331 | Q32: =DATEVALUE(C32) -> 45525 | R32: =G32 + H32 + I32 -> 2158 | S32: =IF(D32="Outside Campaign","Before Campaign","During Campaign") -> During Campaign | T32: =IF(B32=B31, K32-K31, 0) -> -18490 | U32: =ISOWEEKNUM(C32) -> 34
A33: P293 | B33: FACEBOOK | C33: 45791 | D33: =IF( AND(C33 >= 'Campaign Metadata'!J$2, C33 <= 'Campaign Metadata'!H$2), 'Campaign Metadata'!A$2, IF( AND(C33 >= 'Campaign Metadata'!J$3, C33 <= 'Campaign Metadata'!H$3), 'Campaign Metadata'!A$3, IF( AND(C33 >= 'Campaign Metadata'!J$4, C33 <= 'Campaign Metadata'!H$4), 'Campaign Metadata'!A$4, IF( AND(C33 >= 'Campaign Metadata'!J$5, C33 <= 'Campaign Metadata'!H$5), 'Campaign Metadata'!A$5, "Outside Campaign" )))) -> Outside Campaign | E33: Text | F33: Check out our latest text on facebook! | G33: 2634 | H33: 726 | I33: 241 | J33: 28974 | K33: 28102 | L33: 277 | M33: ThirstyForMore | P33: 0.12428384 | Q33: =DATEVALUE(C33) -> 45791 | R33: =G33 + H33 + I33 -> 3601 | S33: =IF(D33="Outside Campaign","Before Campaign","During Campaign") -> Before Campaign | T33: =IF(B33=B32, K33-K32, 0) -> 12148 | U33: =ISOWEEKNUM(C33) -> 20
A34: P292 | B34: FACEBOOK | C34: 45613 | D34: =IF( AND(C34 >= 'Campaign Metadata'!J$2, C34 <= 'Campaign Metadata'!H$2), 'Campaign Metadata'!A$2, IF( AND(C34 >= 'Campaign Metadata'!J$3, C34 <= 'Campaign Metadata'!H$3), 'Campaign Metadata'!A$3, IF( AND(C34 >= 'Campaign Metadata'!J$4, C34 <= 'Campaign Metadata'!H$4), 'Campaign Metadata'!A$4, IF( AND(C34 >= 'Campaign Metadata'!J$5, C34 <= 'Campaign Metadata'!H$5), 'Campaign Metadata'!A$5, "Outside Campaign" )))) -> FestiveRadiance | E34: Text | F34: Check out our latest text on facebook! | G34: 880 | H34: 297 | I34: 345 | J34: 12320 | K34: 11978 | L34: 238 | M34: PepsiCoRefresh | N34: AnytimeIsPepsiTime | P34: 0.12353896 | Q34: =DATEVALUE(C34) -> 45613 | R34: =G34 + H34 + I34 -> 1522 | S34: =IF(D34="Outside Campaign","Before Campaign","During Campaign") -> During Campaign | T34: =IF(B34=B33, K34-K33, 0) -> -16124 | U34: =ISOWEEKNUM(C34) -> 46
A35: P245 | B35: FACEBOOK | C35: 45669 | D35: =IF( AND(C35 >= 'Campaign Metadata'!J$2, C35 <= 'Campaign Metadata'!H$2), 'Campaign Metadata'!A$2, IF( AND(C35 >= 'Campaign Metadata'!J$3, C35 <= 'Campaign Metadata'!H$3), 'Campaign Metadata'!A$3, IF( AND(C35 >= 'Campaign Metadata'!J$4, C35 <= 'Campaign Metadata'!H$4), 'Campaign Metadata'!A$4, IF( AND(C35 >= 'Campaign Metadata'!J$5, C35 <= 'Campaign Metadata'!H$5), 'Campaign Metadata'!A$5, "Outside Campaign" )))) -> NewYearRefresh | E35: Reel | F35: Check out our latest reel on facebook! | G35: 4134 | H35: 824 | I35: 99 | J35: 41340 | K35: 41050 | L35: 177 | M35: ThirstyForMore | P35: 0.12232704 | Q35: =DATEVALUE(C35) -> 45669 | R35: =G35 + H35 + I35 -> 5057 | S35: =IF(D35="Outside Campaign","Before Campaign","During Campaign") -> During Campaign | T35: =IF(B35=B34, K35-K34, 0) -> 29072 | U35: =ISOWEEKNUM(C35) -> 2
A36: P255 | B36: FACEBOOK | C36: 45750 | D36: =IF( AND(C36 >= 'Campaign Metadata'!J$2, C36 <= 'Campaign Metadata'!H$2), 'Campaign Metadata'!A$2, IF( AND(C36 >= 'Campaign Metadata'!J$3, C36 <= 'Campaign Metadata'!H$3), 'Campaign Metadata'!A$3, IF( AND(C36 >= 'Campaign Metadata'!J$4, C36 <= 'Campaign Metadata'!H$4), 'Campaign Metadata'!A$4, IF( AND(C36 >= 'Campaign Metadata'!J$5, C36 <= 'Campaign Metadata'!H$5), 'Campaign Metadata'!A$5, "Outside Campaign" )))) -> Outside Campaign | E36: Story | F36: Check out our latest story on facebook! | G36: 3767 | H36: 514 | I36: 238 | J36: 37670 | K36: 36807 | L36: 226 | M36: LiveForNow | P36: 0.11996284 | Q36: =DATEVALUE(C36) -> 45750 | R36: =G36 + H36 + I36 -> 4519 | S36: =IF(D36="Outside Campaign","Before Campaign","During Campaign") -> Before Campaign | T36: =IF(B36=B35, K36-K35, 0) -> -4243 | U36: =ISOWEEKNUM(C36) -> 14
A37: P247 | B37: FACEBOOK | C37: 45531 | D37: =IF( AND(C37 >= 'Campaign Metadata'!J$2, C37 <= 'Campaign Metadata'!H$2), 'Campaign Metadata'!A$2, IF( AND(C37 >= 'Campaign Metadata'!J$3, C37 <= 'Campaign Metadata'!H$3), 'Campaign Metadata'!A$3, IF( AND(C37 >= 'Campaign Metadata'!J$4, C37 <= 'Campaign Metadata'!H$4), 'Campaign Metadata'!A$4, IF( AND(C37 >= 'Campaign Metadata'!J$5, C37 <= 'Campaign Metadata'!H$5), 'Campaign Metadata'!A$5, "Outside Campaign" )))) -> SummerSplash | E37: Reel | F37: Check out our latest reel on facebook! | G37: 3960 | H37: 266 | I37: 8 | J37: 35640 | K37: 34850 | L37: 208 | M37: LiveForNow | N37: ThirstyForMore | O37: BetterWithPepsi | P37: 0.1187991 | Q37: =DATEVALUE(C37) -> 45531 | R37: =G37 + H37 + I37 -> 4234 | S37: =IF(D37="Outside Campaign","Before Campaign","During Campaign") -> During Campaign | T37: =IF(B37=B36, K37-K36, 0) -> -1957 | U37: =ISOWEEKNUM(C37) -> 35
A38: P222 | B38: FACEBOOK | C38: 45573 | D38: =IF( AND(C38 >= 'Campaign Metadata'!J$2, C38 <= 'Campaign Metadata'!H$2), 'Campaign Metadata'!A$2, IF( AND(C38 >= 'Campaign Metadata'!J$3, C38 <= 'Campaign Metadata'!H$3), 'Campaign Metadata'!A$3, IF( AND(C38 >= 'Campaign Metadata'!J$4, C38 <= 'Campaign Metadata'!H$4), 'Campaign Metadata'!A$4, IF( AND(C38 >= 'Campaign Metadata'!J$5, C38 <= 'Campaign Metadata'!H$5), 'Campaign Metadata'!A$5, "Outside Campaign" )))) -> FestiveRadiance | E38: Reel | F38: Check out our latest reel on facebook! | G38: 1814 | H38: 653 | I38: 363 | J38: 25396 | K38: 25286 | L38: 39 | M38: LiveForNow | N38: SmoothLikeNitroPepsi | P38: 0.11143487 | Q38: =DATEVALUE(C38) -> 45573 | R38: =G38 + H38 + I38 -> 2830 | S38: =IF(D38="Outside Campaign","Before Campaign","During Campaign") -> During Campaign | T38: =IF(B38=B37, K38-K37, 0) -> -9564 | U38: =ISOWEEKNUM(C38) -> 41
A39: P156 | B39: FACEBOOK | C39: 45587 | D39: =IF( AND(C39 >= 'Campaign Metadata'!J$2, C39 <= 'Campaign Metadata'!H$2), 'Campaign Metadata'!A$2, IF( AND(C39 >= 'Campaign Metadata'!J$3, C39 <= 'Campaign Metadata'!H$3), 'Campaign Metadata'!A$3, IF( AND(C39 >= 'Campaign Metadata'!J$4, C39 <= 'Campaign Metadata'!H$4), 'Campaign Metadata'!A$4, IF( AND(C39 >= 'Campaign Metadata'!J$5, C39 <= 'Campaign Metadata'!H$5), 'Campaign Metadata'!A$5, "Outside Campaign" )))) -> FestiveRadiance | E39: Carousel | F39: Check out our latest carousel on facebook! | G39: 3352 | H39: 941 | I39: 482 | J39: 43576 | K39: 43338 | L39: 240 | M39: LiveForNow | P39: 0.10957867 | Q39: =DATEVALUE(C39) -> 45587 | R39: =G39 + H39 + I39 -> 4775 | S39: =IF(D39="Outside Campaign","Before Campaign","During Campaign") -> During Campaign | T39: =IF(B39=B38, K39-K38, 0) -> 18052 | U39: =ISOWEEKNUM(C39) -> 43
A40: P182 | B40: FACEBOOK | C40: 45504 | D40: =IF( AND(C40 >= 'Campaign Metadata'!J$2, C40 <= 'Campaign Metadata'!H$2), 'Campaign Metadata'!A$2, IF( AND(C40 >= 'Campaign Metadata'!J$3, C40 <= 'Campaign Metadata'!H$3), 'Campaign Metadata'!A$3, IF( AND(C40 >= 'Campaign Metadata'!J$4, C40 <= 'Campaign Metadata'!H$4), 'Campaign Metadata'!A$4, IF( AND(C40 >= 'Campaign Metadata'!J$5, C40 <= 'Campaign Metadata'!H$5), 'Campaign Metadata'!A$5, "Outside Campaign" )))) -> SummerSplash | E40: Image | F40: Check out our latest image on facebook! | G40: 4689 | H40: 134 | I40: 403 | J40: 51579 | K40: 50924 | L40: 173 | M40: PepsiCoRefresh | P40: 0.1013203 | Q40: =DATEVALUE(C40) -> 45504 | R40: =G40 + H40 + I40 -> 5226 | S40: =IF(D40="Outside Campaign","Before Campaign","During Campaign") -> During Campaign | T40: =IF(B40=B39, K40-K39, 0) -> 7586 | U40: =ISOWEEKNUM(C40) -> 31
A41: P266 | B41: FACEBOOK | C41: 45621 | D41: =IF( AND(C41 >= 'Campaign Metadata'!J$2, C41 <= 'Campaign Metadata'!H$2), 'Campaign Metadata'!A$2, IF( AND(C41 >= 'Campaign Metadata'!J$3, C41 <= 'Campaign Metadata'!H$3), 'Campaign Metadata'!A$3, IF( AND(C41 >= 'Campaign Metadata'!J$4, C41 <= 'Campaign Metadata'!H$4), 'Campaign Metadata'!A$4, IF( AND(C41 >= 'Campaign Metadata'!J$5, C41 <= 'Campaign Metadata'!H$5), 'Campaign Metadata'!A$5, "Outside Campaign" )))) -> FestiveRadiance | E41: Story | F41: Check out our latest story on facebook! | G41: 4182 | H41: 640 | I41: 240 | J41: 50184 | K41: 49351 | L41: 10 | M41: PepsiCoRefresh | P41: 0.1008688 | Q41: =DATEVALUE(C41) -> 45621 | R41: =G41 + H41 + I41 -> 5062 | S41: =IF(D41="Outside Campaign","Before Campaign","During Campaign") -> During Campaign | T41: =IF(B41=B40, K41-K40, 0) -> -1573 | U41: =ISOWEEKNUM(C41) -> 48
A42: P103 | B42: FACEBOOK | C42: 45454 | D42: =IF( AND(C42 >= 'Campaign Metadata'!J$2, C42 <= 'Campaign Metadata'!H$2), 'Campaign Metadata'!A$2, IF( AND(C42 >= 'Campaign Metadata'!J$3, C42 <= 'Campaign Metadata'!H$3), 'Campaign Metadata'!A$3, IF( AND(C42 >= 'Campaign Metadata'!J$4, C42 <= 'Campaign Metadata'!H$4), 'Campaign Metadata'!A$4, IF( AND(C42 >= 'Campaign Metadata'!J$5, C42 <= 'Campaign Metadata'!H$5), 'Campaign Metadata'!A$5, "Outside Campaign" )))) -> SummerSplash | E42: Image | F42: Check out our latest image on facebook! | G42: 3689 | H42: 48 | I42: 306 | J42: 40579 | K42: 39588 | L42: 212 | M42: ThirstyForMore | P42: 0.099632815 | Q42: =DATEVALUE(C42) -> 45454 | R42: =G42 + H42 + I42 -> 4043 | S42: =IF(D42="Outside Campaign","Before Campaign","During Campaign") -> During Campaign | T42: =IF(B42=B41, K42-K41, 0) -> -9763 | U42: =ISOWEEKNUM(C42) -> 24
A43: P017 | B43: FACEBOOK | C43: 45782 | D43: =IF( AND(C43 >= 'Campaign Metadata'!J$2, C43 <= 'Campaign Metadata'!H$2), 'Campaign Metadata'!A$2, IF( AND(C43 >= 'Campaign Metadata'!J$3, C43 <= 'Campaign Metadata'!H$3), 'Campaign Metadata'!A$3, IF( AND(C43 >= 'Campaign Metadata'!J$4, C43 <= 'Campaign Metadata'!H$4), 'Campaign Metadata'!A$4, IF( AND(C43 >= 'Campaign Metadata'!J$5, C43 <= 'Campaign Metadata'!H$5), 'Campaign Metadata'!A$5, "Outside Campaign" )))) -> Outside Campaign | E43: Text | F43: Check out our latest text on facebook! | G43: 4441 | H43: 511 | I43: 70 | J43: 53292 | K43: 53082 | L43: 159 | M43: ThirstyForMore | P43: 0.094235533 | Q43: =DATEVALUE(C43) -> 45782 | R43: =G43 + H43 + I43 -> 5022 | S43: =IF(D43="Outside Campaign","Before Campaign","During Campaign") -> Before Campaign | T43: =IF(B43=B42, K43-K42, 0) -> 13494 | U43: =ISOWEEKNUM(C43) -> 19
A44: P055 | B44: FACEBOOK | C44: 45460 | D44: =IF( AND(C44 >= 'Campaign Metadata'!J$2, C44 <= 'Campaign Metadata'!H$2), 'Campaign Metadata'!A$2, IF( AND(C44 >= 'Campaign Metadata'!J$3, C44 <= 'Campaign Metadata'!H$3), 'Campaign Metadata'!A$3, IF( AND(C44 >= 'Campaign Metadata'!J$4, C44 <= 'Campaign Metadata'!H$4), 'Campaign Metadata'!A$4, IF( AND(C44 >= 'Campaign Metadata'!J$5, C44 <= 'Campaign Metadata'!H$5), 'Campaign Metadata'!A$5, "Outside Campaign" )))) -> SummerSplash | E44: Image | F44: Check out our latest image on facebook! | G44: 1226 | H44: 119 | I44: 7 | J44: 14712 | K44: 14049 | L44: 123 | M44: ThirstyForMore | P44: 0.091897771 | Q44: =DATEVALUE(C44) -> 45460 | R44: =G44 + H44 + I44 -> 1352 | S44: =IF(D44="Outside Campaign","Before Campaign","During Campaign") -> During Campaign | T44: =IF(B44=B43, K44-K43, 0) -> -39033 | U44: =ISOWEEKNUM(C44) -> 25
A45: P009 | B45: FACEBOOK | C45: 45534 | D45: =IF( AND(C45 >= 'Campaign Metadata'!J$2, C45 <= 'Campaign Metadata'!H$2), 'Campaign Metadata'!A$2, IF( AND(C45 >= 'Campaign Metadata'!J$3, C45 <= 'Campaign Metadata'!H$3), 'Campaign Metadata'!A$3, IF( AND(C45 >= 'Campaign Metadata'!J$4, C45 <= 'Campaign Metadata'!H$4), 'Campaign Metadata'!A$4, IF( AND(C45 >= 'Campaign Metadata'!J$5, C45 <= 'Campaign Metadata'!H$5), 'Campaign Metadata'!A$5, "Outside Campaign" )))) -> SummerSplash | E45: Text | F45: Check out our latest text on facebook! | G45: 3784 | H45: 808 | I45: 404 | J45: 56760 | K45: 56343 | L45: 131 | M45: PepsiCoRefresh | P45: 0.088019732 | Q45: =DATEVALUE(C45) -> 45534 | R45: =G45 + H45 + I45 -> 4996 | S45: =IF(D45="Outside Campaign","Before Campaign","During Campaign") -> During Campaign | T45: =IF(B45=B44, K45-K44, 0) -> 42294 | U45: =ISOWEEKNUM(C45) -> 35
A46: P084 | B46: FACEBOOK | C46: 45635 | D46: =IF( AND(C46 >= 'Campaign Metadata'!J$2, C46 <= 'Campaign Metadata'!H$2), 'Campaign Metadata'!A$2, IF( AND(C46 >= 'Campaign Metadata'!J$3, C46 <= 'Campaign Metadata'!H$3), 'Campaign Metadata'!A$3, IF( AND(C46 >= 'Campaign Metadata'!J$4, C46 <= 'Campaign Metadata'!H$4), 'Campaign Metadata'!A$4, IF( AND(C46 >= 'Campaign Metadata'!J$5, C46 <= 'Campaign Metadata'!H$5), 'Campaign Metadata'!A$5, "Outside Campaign" )))) -> FestiveRadiance | E46: Image | F46: Check out our latest image on facebook! | G46: 1841 | H46: 851 | I46: 342 | J46: 34979 | K46: 34154 | L46: 255 | M46: LiveForNow | P46: 0.086737757 | Q46: =DATEVALUE(C46) -> 45635 | R46: =G46 + H46 + I46 -> 3034 | S46: =IF(D46="Outside Campaign","Before Campaign","During Campaign") -> During Campaign | T46: =IF(B46=B45, K46-K45, 0) -> -22189 | U46: =ISOWEEKNUM(C46) -> 50
A47: P162 | B47: FACEBOOK | C47: 45748 | D47: =IF( AND(C47 >= 'Campaign Metadata'!J$2, C47 <= 'Campaign Metadata'!H$2), 'Campaign Metadata'!A$2, IF( AND(C47 >= 'Campaign Metadata'!J$3, C47 <= 'Campaign Metadata'!H$3), 'Campaign Metadata'!A$3, IF( AND(C47 >= 'Campaign Metadata'!J$4, C47 <= 'Campaign Metadata'!H$4), 'Campaign Metadata'!A$4, IF( AND(C47 >= 'Campaign Metadata'!J$5, C47 <= 'Campaign Metadata'!H$5), 'Campaign Metadata'!A$5, "Outside Campaign" )))) -> Outside Campaign | E47: Story | F47: Check out our latest story on facebook! | G47: 3430 | H47: 566 | I47: 164 | J47: 48020 | K47: 47305 | L47: 120 | M47: LiveForNow | P47: 0.086630571 | Q47: =DATEVALUE(C47) -> 45748 | R47: =G47 + H47 + I47 -> 4160 | S47: =IF(D47="Outside Campaign","Before Campaign","During Campaign") -> Before Campaign | T47: =IF(B47=B46, K47-K46, 0) -> 13151 | U47: =ISOWEEKNUM(C47) -> 14
A48: P186 | B48: FACEBOOK | C48: 45528 | D48: =IF( AND(C48 >= 'Campaign Metadata'!J$2, C48 <= 'Campaign Metadata'!H$2), 'Campaign Metadata'!A$2, IF( AND(C48 >= 'Campaign Metadata'!J$3, C48 <= 'Campaign Metadata'!H$3), 'Campaign Metadata'!A$3, IF( AND(C48 >= 'Campaign Metadata'!J$4, C48 <= 'Campaign Metadata'!H$4), 'Campaign Metadata'!A$4, IF( AND(C48 >= 'Campaign Metadata'!J$5, C48 <= 'Campaign Metadata'!H$5), 'Campaign Metadata'!A$5, "Outside Campaign" )))) -> SummerSplash | E48: Carousel | F48: Check out our latest carousel on facebook! | G48: 4292 | H48: 51 | I48: 392 | J48: 55796 | K48: 54826 | L48: 264 | M48: ThirstyForMore | P48: 0.084862714 | Q48: =DATEVALUE(C48) -> 45528 | R48: =G48 + H48 + I48 -> 4735 | S48: =IF(D48="Outside Campaign","Before Campaign","During Campaign") -> During Campaign | T48: =IF(B48=B47, K48-K47, 0) -> 7521 | U48: =ISOWEEKNUM(C48) -> 34
A49: P213 | B49: FACEBOOK | C49: 45778 | D49: =IF( AND(C49 >= 'Campaign Metadata'!J$2, C49 <= 'Campaign Metadata'!H$2), 'Campaign Metadata'!A$2, IF( AND(C49 >= 'Campaign Metadata'!J$3, C49 <= 'Campaign Metadata'!H$3), 'Campaign Metadata'!A$3, IF( AND(C49 >= 'Campaign Metadata'!J$4, C49 <= 'Campaign Metadata'!H$4), 'Campaign Metadata'!A$4, IF( AND(C49 >= 'Campaign Metadata'!J$5, C49 <= 'Campaign Metadata'!H$5), 'Campaign Metadata'!A$5, "Outside Campaign" )))) -> Outside Campaign | E49: Carousel | F49: Check out our latest carousel on facebook! | G49: 2696 | H49: 628 | I49: 443 | J49: 45832 | K49: 45632 | L49: 248 | M49: ThirstyForMore | P49: 0.082191482 | Q49: =DATEVALUE(C49) -> 45778 | R49: =G49 + H49 + I49 -> 3767 | S49: =IF(D49="Outside Campaign","Before Campaign","During Campaign") -> Before Campaign | T49: =IF(B49=B48, K49-K48, 0) -> -9194 | U49: =ISOWEEKNUM(C49) -> 18
A50: P202 | B50: FACEBOOK | C50: 45445 | D50: =IF( AND(C50 >= 'Campaign Metadata'!J$2, C50 <= 'Campaign Metadata'!H$2), 'Campaign Metadata'!A$2, IF( AND(C50 >= 'Campaign Metadata'!J$3, C50 <= 'Campaign Metadata'!H$3), 'Campaign Metadata'!A$3, IF( AND(C50 >= 'Campaign Metadata'!J$4, C50 <= 'Campaign Metadata'!H$4), 'Campaign Metadata'!A$4, IF( AND(C50 >= 'Campaign Metadata'!J$5, C50 <= 'Campaign Metadata'!H$5), 'Campaign Metadata'!A$5, "Outside Campaign" )))) -> SummerSplash | E50: Image | F50: Check out our latest image on facebook! | G50: 1871 | H50: 252 | I50: 335 | J50: 29936 | K50: 29576 | L50: 288 | M50: ThirstyForMore | P50: 0.082108498 | Q50: =DATEVALUE(C50) -> 45445 | R50: =G50 + H50 + I50 -> 2458 | S50: =IF(D50="Outside Campaign","Before Campaign","During Campaign") -> During Campaign | T50: =IF(B50=B49, K50-K49, 0) -> -16056 | U50: =ISOWEEKNUM(C50) -> 22
... A53: P118 | B53: FACEBOOK | C53: 45600 | D53: =IF( AND(C53 >= 'Campaign Metadata'!J$2, C53 <= 'Campaign Metadata'!H$2), 'Campaign Metadata'!A$2, IF( AND(C53 >= 'Campaign Metadata'!J$3, C53 <= 'Campaign Metadata'!H$3), 'Campaign Metadata'!A$3, IF( AND(C53 >= 'Campaign Metadata'!J$4, C53 <= 'Campaign Metadata'!H$4), 'Campaign Metadata'!A$4, IF( AND(C53 >= 'Campaign Metadata'!J$5, C53 <= 'Campaign Metadata'!H$5), 'Campaign Metadata'!A$5, "Outside Campaign" )))) -> FestiveRadiance | E53: Image | F53: Check out our latest image on facebook! | G53: 4551 | H53: 714 | I53: 207 | J53: 68265 | K53: 67754 | L53: 57 | M53: LiveForNow | P53: 0.080158207 | Q53: =DATEVALUE(C53) -> 45600 | R53: =G53 + H53 + I53 -> 5472 | S53: =IF(D53="Outside Campaign","Before Campaign","During Campaign") -> During Campaign | T53: =IF(B53=B52, K53-K52, 0) -> 43141 | U53: =ISOWEEKNUM(C53) -> 45
A54: P257 | B54: FACEBOOK | C54: 45753 | D54: =IF( AND(C54 >= 'Campaign Metadata'!J$2, C54 <= 'Campaign Metadata'!H$2), 'Campaign Metadata'!A$2, IF( AND(C54 >= 'Campaign Metadata'!J$3, C54 <= 'Campaign Metadata'!H$3), 'Campaign Metadata'!A$3, IF( AND(C54 >= 'Campaign Metadata'!J$4, C54 <= 'Campaign Metadata'!H$4), 'Campaign Metadata'!A$4, IF( AND(C54 >= 'Campaign Metadata'!J$5, C54 <= 'Campaign Metadata'!H$5), 'Campaign Metadata'!A$5, "Outside Campaign" )))) -> Outside Campaign | E54: Image | F54: Check out our latest image on facebook! | G54: 3090 | H54: 697 | I54: 164 | J54: 49440 | K54: 48524 | L54: 25 | M54: ThirstyForMore | N54: ThirstyForMore | O54: BetterWithPepsi | P54: 0.079915049 | Q54: =DATEVALUE(C54) -> 45753 | R54: =G54 + H54 + I54 -> 3951 | S54: =IF(D54="Outside Campaign","Before Campaign","During Campaign") -> Before Campaign | T54: =IF(B54=B53, K54-K53, 0) -> -19230 | U54: =ISOWEEKNUM(C54) -> 14
A55: P091 | B55: FACEBOOK | C55: 45740 | D55: =IF( AND(C55 >= 'Campaign Metadata'!J$2, C55 <= 'Campaign Metadata'!H$2), 'Campaign Metadata'!A$2, IF( AND(C55 >= 'Campaign Metadata'!J$3, C55 <= 'Campaign Metadata'!H$3), 'Campaign Metadata'!A$3, IF( AND(C55 >= 'Campaign Metadata'!J$4, C55 <= 'Campaign Metadata'!H$4), 'Campaign Metadata'!A$4, IF( AND(C55 >= 'Campaign Metadata'!J$5, C55 <= 'Campaign Metadata'!H$5), 'Campaign Metadata'!A$5, "Outside Campaign" )))) -> Outside Campaign | E55: Image | F55: Check out our latest image on facebook! | G55: 1263 | H55: 397 | I55: 357 | J55: 25260 | K55: 24615 | L55: 137 | M55: ThirstyForMore | P55: 0.079849565 | Q55: =DATEVALUE(C55) -> 45740 | R55: =G55 + H55 + I55 -> 2017 | S55: =IF(D55="Outside Campaign","Before Campaign","During Campaign") -> Before Campaign | T55: =IF(B55=B54, K55-K54, 0) -> -23909 | U55: =ISOWEEKNUM(C55) -> 13
A56: P051 | B56: FACEBOOK | C56: 45456 | D56: =IF( AND(C56 >= 'Campaign Metadata'!J$2, C56 <= 'Campaign Metadata'!H$2), 'Campaign Metadata'!A$2, IF( AND(C56 >= 'Campaign Metadata'!J$3, C56 <= 'Campaign Metadata'!H$3), 'Campaign Metadata'!A$3, IF( AND(C56 >= 'Campaign Metadata'!J$4, C56 <= 'Campaign Metadata'!H$4), 'Campaign Metadata'!A$4, IF( AND(C56 >= 'Campaign Metadata'!J$5, C56 <= 'Campaign Metadata'!H$5), 'Campaign Metadata'!A$5, "Outside Campaign" )))) -> SummerSplash | E56: Carousel | F56: Check out our latest carousel on facebook! | G56: 2200 | H56: 504 | I56: 239 | J56: 37400 | K56: 36938 | L56: 225 | M56: LiveForNow | P56: 0.07868984 | Q56: =DATEVALUE(C56) -> 45456 | R56: =G56 + H56 + I56 -> 2943 | S56: =IF(D56="Outside Campaign","Before Campaign","During Campaign") -> During Campaign | T56: =IF(B56=B55, K56-K55, 0) -> 12323 | U56: =ISOWEEKNUM(C56) -> 24
A57: P230 | B57: FACEBOOK | C57: 45488 | D57: =IF( AND(C57 >= 'Campaign Metadata'!J$2, C57 <= 'Campaign Metadata'!H$2), 'Campaign Metadata'!A$2, IF( AND(C57 >= 'Campaign Metadata'!J$3, C57 <= 'Campaign Metadata'!H$3), 'Campaign Metadata'!A$3, IF( AND(C57 >= 'Campaign Metadata'!J$4, C57 <= 'Campaign Metadata'!H$4), 'Campaign Metadata'!A$4, IF( AND(C57 >= 'Campaign Metadata'!J$5, C57 <= 'Campaign Metadata'!H$5), 'Campaign Metadata'!A$5, "Outside Campaign" )))) -> SummerSplash | E57: Reel | F57: Check out our latest reel on facebook! | G57: 3663 | H57: 17 | I57: 295 | J57: 51282 | K57: 50567 | L57: 84 | M57: ThirstyForMore | P57: 0.077512578 | Q57: =DATEVALUE(C57) -> 45488 | R57: =G57 + H57 + I57 -> 3975 | S57: =IF(D57="Outside Campaign","Before Campaign","During Campaign") -> During Campaign | T57: =IF(B57=B56, K57-K56, 0) -> 13629 | U57: =ISOWEEKNUM(C57) -> 29
A58: P023 | B58: FACEBOOK | C58: 45602 | D58: =IF( AND(C58 >= 'Campaign Metadata'!J$2, C58 <= 'Campaign Metadata'!H$2), 'Campaign Metadata'!A$2, IF( AND(C58 >= 'Campaign Metadata'!J$3, C58 <= 'Campaign Metadata'!H$3), 'Campaign Metadata'!A$3, IF( AND(C58 >= 'Campaign Metadata'!J$4, C58 <= 'Campaign Metadata'!H$4), 'Campaign Metadata'!A$4, IF( AND(C58 >= 'Campaign Metadata'!J$5, C58 <= 'Campaign Metadata'!H$5), 'Campaign Metadata'!A$5, "Outside Campaign" )))) -> FestiveRadiance | E58: Video | F58: Check out our latest video on facebook! | G58: 1606 | H58: 547 | I58: 316 | J58: 32120 | K58: 31736 | L58: 225 | M58: PepsiCoRefresh | N58: AnytimeIsPepsiTime | P58: 0.076867995 | Q58: =DATEVALUE(C58) -> 45602 | R58: =G58 + H58 + I58 -> 2469 | S58: =IF(D58="Outside Campaign","Before Campaign","During Campaign") -> During Campaign | T58: =IF(B58=B57, K58-K57, 0) -> -18831 | U58: =ISOWEEKNUM(C58) -> 45
A59: P234 | B59: FACEBOOK | C59: 45444 | D59: =IF( AND(C59 >= 'Campaign Metadata'!J$2, C59 <= 'Campaign Metadata'!H$2), 'Campaign Metadata'!A$2, IF( AND(C59 >= 'Campaign Metadata'!J$3, C59 <= 'Campaign Metadata'!H$3), 'Campaign Metadata'!A$3, IF( AND(C59 >= 'Campaign Metadata'!J$4, C59 <= 'Campaign Metadata'!H$4), 'Campaign Metadata'!A$4, IF( AND(C59 >= 'Campaign Metadata'!J$5, C59 <= 'Campaign Metadata'!H$5), 'Campaign Metadata'!A$5, "Outside Campaign" )))) -> SummerSplash | E59: Text | F59: Check out our latest text on facebook! | G59: 1272 | H59: 465 | I59: 99 | J59: 24168 | K59: 23719 | L59: 42 | M59: PepsiCoRefresh | P59: 0.075968222 | Q59: =DATEVALUE(C59) -> 45444 | R59: =G59 + H59 + I59 -> 1836 | S59: =IF(D59="Outside Campaign","Before Campaign","During Campaign") -> During Campaign | T59: =IF(B59=B58, K59-K58, 0) -> -8017 | U59: =ISOWEEKNUM(C59) -> 22
A60: P016 | B60: FACEBOOK | C60: 45530 | D60: =IF( AND(C60 >= 'Campaign Metadata'!J$2, C60 <= 'Campaign Metadata'!H$2), 'Campaign Metadata'!A$2, IF( AND(C60 >= 'Campaign Metadata'!J$3, C60 <= 'Campaign Metadata'!H$3), 'Campaign Metadata'!A$3, IF( AND(C60 >= 'Campaign Metadata'!J$4, C60 <= 'Campaign Metadata'!H$4), 'Campaign Metadata'!A$4, IF( AND(C60 >= 'Campaign Metadata'!J$5, C60 <= 'Campaign Metadata'!H$5), 'Campaign Metadata'!A$5, "Outside Campaign" )))) -> SummerSplash | E60: Text | F60: Check out our latest text on facebook! | G60: 3452 | H60: 377 | I60: 360 | J60: 55232 | K60: 55075 | L60: 87 | M60: LiveForNow | P60: 0.075843714 | Q60: =DATEVALUE(C60) -> 45530 | R60: =G60 + H60 + I60 -> 4189 | S60: =IF(D60="Outside Campaign","Before Campaign","During Campaign") -> During Campaign | T60: =IF(B60=B59, K60-K59, 0) -> 31356 | U60: =ISOWEEKNUM(C60) -> 35
A61: P179 | B61: FACEBOOK | C61: 45488 | D61: =IF( AND(C61 >= 'Campaign Metadata'!J$2, C61 <= 'Campaign Metadata'!H$2), 'Campaign Metadata'!A$2, IF( AND(C61 >= 'Campaign Metadata'!J$3, C61 <= 'Campaign Metadata'!H$3), 'Campaign Metadata'!A$3, IF( AND(C61 >= 'Campaign Metadata'!J$4, C61 <= 'Campaign Metadata'!H$4), 'Campaign Metadata'!A$4, IF( AND(C61 >= 'Campaign Metadata'!J$5, C61 <= 'Campaign Metadata'!H$5), 'Campaign Metadata'!A$5, "Outside Campaign" )))) -> SummerSplash | E61: Carousel | F61: Check out our latest carousel on facebook! | G61: 3796 | H61: 667 | I61: 395 | J61: 64532 | K61: 63550 | L61: 292 | M61: PepsiCoRefresh | P61: 0.075280481 | Q61: =DATEVALUE(C61) -> 45488 | R61: =G61 + H61 + I61 -> 4858 | S61: =IF(D61="Outside Campaign","Before Campaign","During Campaign") -> During Campaign | T61: =IF(B61=B60, K61-K60, 0) -> 8475 | U61: =ISOWEEKNUM(C61) -> 29
A62: P045 | B62: FACEBOOK | C62: 45597 | D62: =IF( AND(C62 >= 'Campaign Metadata'!J$2, C62 <= 'Campaign Metadata'!H$2), 'Campaign Metadata'!A$2, IF( AND(C62 >= 'Campaign Metadata'!J$3, C62 <= 'Campaign Metadata'!H$3), 'Campaign Metadata'!A$3, IF( AND(C62 >= 'Campaign Metadata'!J$4, C62 <= 'Campaign Metadata'!H$4), 'Campaign Metadata'!A$4, IF( AND(C62 >= 'Campaign Metadata'!J$5, C62 <= 'Campaign Metadata'!H$5), 'Campaign Metadata'!A$5, "Outside Campaign" )))) -> FestiveRadiance | E62: Video | F62: Check out our latest video on facebook! | G62: 3371 | H62: 106 | I62: 327 | J62: 50565 | K62: 49816 | L62: 176 | M62: LiveForNow | P62: 0.075229902 | Q62: =DATEVALUE(C62) -> 45597 | R62: =G62 + H62 + I62 -> 3804 | S62: =IF(D62="Outside Campaign","Before Campaign","During Campaign") -> During Campaign | T62: =IF(B62=B61, K62-K61, 0) -> -13734 | U62: =ISOWEEKNUM(C62) -> 44
A63: P168 | B63: FACEBOOK | C63: 45608 | D63: =IF( AND(C63 >= 'Campaign Metadata'!J$2, C63 <= 'Campaign Metadata'!H$2), 'Campaign Metadata'!A$2, IF( AND(C63 >= 'Campaign Metadata'!J$3, C63 <= 'Campaign Metadata'!H$3), 'Campaign Metadata'!A$3, IF( AND(C63 >= 'Campaign Metadata'!J$4, C63 <= 'Campaign Metadata'!H$4), 'Campaign Metadata'!A$4, IF( AND(C63 >= 'Campaign Metadata'!J$5, C63 <= 'Campaign Metadata'!H$5), 'Campaign Metadata'!A$5, "Outside Campaign" )))) -> FestiveRadiance | E63: Text | F63: Check out our latest text on facebook! | G63: 2418 | H63: 754 | I63: 54 | J63: 43524 | K63: 42743 | L63: 182 | M63: ThirstyForMore | P63: 0.074120026 | Q63: =DATEVALUE(C63) -> 45608 | R63: =G63 + H63 + I63 -> 3226 | S63: =IF(D63="Outside Campaign","Before Campaign","During Campaign") -> During Campaign | T63: =IF(B63=B62, K63-K62, 0) -> -7073 | U63: =ISOWEEKNUM(C63) -> 46
A64: P250 | B64: FACEBOOK | C64: 45465 | D64: =IF( AND(C64 >= 'Campaign Metadata'!J$2, C64 <= 'Campaign Metadata'!H$2), 'Campaign Metadata'!A$2, IF( AND(C64 >= 'Campaign Metadata'!J$3, C64 <= 'Campaign Metadata'!H$3), 'Campaign Metadata'!A$3, IF( AND(C64 >= 'Campaign Metadata'!J$4, C64 <= 'Campaign Metadata'!H$4), 'Campaign Metadata'!A$4, IF( AND(C64 >= 'Campaign Metadata'!J$5, C64 <= 'Campaign Metadata'!H$5), 'Campaign Metadata'!A$5, "Outside Campaign" )))) -> SummerSplash | E64: Reel | F64: Check out our latest reel on facebook! | G64: 3813 | H64: 935 | I64: 274 | J64: 68634 | K64: 68488 | L64: 251 | M64: LiveForNow | P64: 0.073170732 | Q64: =DATEVALUE(C64) -> 45465 | R64: =G64 + H64 + I64 -> 5022 | S64: =IF(D64="Outside Campaign","Before Campaign","During Campaign") -> During Campaign | T64: =IF(B64=B63, K64-K63, 0) -> 25745 | U64: =ISOWEEKNUM(C64) -> 25
A65: P289 | B65: FACEBOOK | C65: 45624 | D65: =IF( AND(C65 >= 'Campaign Metadata'!J$2, C65 <= 'Campaign Metadata'!H$2), 'Campaign Metadata'!A$2, IF( AND(C65 >= 'Campaign Metadata'!J$3, C65 <= 'Campaign Metadata'!H$3), 'Campaign Metadata'!A$3, IF( AND(C65 >= 'Campaign Metadata'!J$4, C65 <= 'Campaign Metadata'!H$4), 'Campaign Metadata'!A$4, IF( AND(C65 >= 'Campaign Metadata'!J$5, C65 <= 'Campaign Metadata'!H$5), 'Campaign Metadata'!A$5, "Outside Campaign" )))) -> FestiveRadiance | E65: Carousel | F65: Check out our latest carousel on facebook! | G65: 2751 | H65: 33 | I65: 430 | J65: 44016 | K65: 43415 | L65: 129 | M65: LiveForNow | P65: 0.073018902 | Q65: =DATEVALUE(C65) -> 45624 | R65: =G65 + H65 + I65 -> 3214 | S65: =IF(D65="Outside Campaign","Before Campaign","During Campaign") -> During Campaign | T65: =IF(B65=B64, K65-K64, 0) -> -25073 | U65: =ISOWEEKNUM(C65) -> 48
A66: P233 | B66: FACEBOOK | C66: 45724 | D66: =IF( AND(C66 >= 'Campaign Metadata'!J$2, C66 <= 'Campaign Metadata'!H$2), 'Campaign Metadata'!A$2, IF( AND(C66 >= 'Campaign Metadata'!J$3, C66 <= 'Campaign Metadata'!H$3), 'Campaign Metadata'!A$3, IF( AND(C66 >= 'Campaign Metadata'!J$4, C66 <= 'Campaign Metadata'!H$4), 'Campaign Metadata'!A$4, IF( AND(C66 >= 'Campaign Metadata'!J$5, C66 <= 'Campaign Metadata'!H$5), 'Campaign Metadata'!A$5, "Outside Campaign" )))) -> Outside Campaign | E66: Image | F66: Check out our latest image on facebook! | G66: 2382 | H66: 265 | I66: 134 | J66: 38112 | K66: 37437 | L66: 249 | M66: LiveForNow | P66: 0.072969144 | Q66: =DATEVALUE(C66) -> 45724 | R66: =G66 + H66 + I66 -> 2781 | S66: =IF(D66="Outside Campaign","Before Campaign","During Campaign") -> Before Campaign | T66: =IF(B66=B65, K66-K65, 0) -> -5978 | U66: =ISOWEEKNUM(C66) -> 10
A67: P172 | B67: FACEBOOK | C67: 45518 | D67: =IF( AND(C67 >= 'Campaign Metadata'!J$2, C67 <= 'Campaign Metadata'!H$2), 'Campaign Metadata'!A$2, IF( AND(C67 >= 'Campaign Metadata'!J$3, C67 <= 'Campaign Metadata'!H$3), 'Campaign Metadata'!A$3, IF( AND(C67 >= 'Campaign Metadata'!J$4, C67 <= 'Campaign Metadata'!H$4), 'Campaign Metadata'!A$4, IF( AND(C67 >= 'Campaign Metadata'!J$5, C67 <= 'Campaign Metadata'!H$5), 'Campaign Metadata'!A$5, "Outside Campaign" )))) -> SummerSplash | E67: Carousel | F67: Check out our latest carousel on facebook! | G67: 3073 | H67: 553 | I67: 174 | J67: 52241 | K67: 51605 | L67: 246 | M67: ThirstyForMore | P67: 0.072739802 | Q67: =DATEVALUE(C67) -> 45518 | R67: =G67 + H67 + I67 -> 3800 | S67: =IF(D67="Outside Campaign","Before Campaign","During Campaign") -> During Campaign | T67: =IF(B67=B66, K67-K66, 0) -> 14168 | U67: =ISOWEEKNUM(C67) -> 33
A68: P189 | B68: FACEBOOK | C68: 45740 | D68: =IF( AND(C68 >= 'Campaign Metadata'!J$2, C68 <= 'Campaign Metadata'!H$2), 'Campaign Metadata'!A$2, IF( AND(C68 >= 'Campaign Metadata'!J$3, C68 <= 'Campaign Metadata'!H$3), 'Campaign Metadata'!A$3, IF( AND(C68 >= 'Campaign Metadata'!J$4, C68 <= 'Campaign Metadata'!H$4), 'Campaign Metadata'!A$4, IF( AND(C68 >= 'Campaign Metadata'!J$5, C68 <= 'Campaign Metadata'!H$5), 'Campaign Metadata'!A$5, "Outside Campaign" )))) -> Outside Campaign | E68: Reel | F68: Check out our latest reel on facebook! | G68: 3360 | H68: 525 | I68: 500 | J68: 60480 | K68: 59610 | L68: 192 | M68: PepsiCoRefresh | P68: 0.072503307 | Q68: =DATEVALUE(C68) -> 45740 | R68: =G68 + H68 + I68 -> 4385 | S68: =IF(D68="Outside Campaign","Before Campaign","During Campaign") -> Before Campaign | T68: =IF(B68=B67, K68-K67, 0) -> 8005 | U68: =ISOWEEKNUM(C68) -> 13
A69: P039 | B69: FACEBOOK | C69: 45621 | D69: =IF( AND(C69 >= 'Campaign Metadata'!J$2, C69 <= 'Campaign Metadata'!H$2), 'Campaign Metadata'!A$2, IF( AND(C69 >= 'Campaign Metadata'!J$3, C69 <= 'Campaign Metadata'!H$3), 'Campaign Metadata'!A$3, IF( AND(C69 >= 'Campaign Metadata'!J$4, C69 <= 'Campaign Metadata'!H$4), 'Campaign Metadata'!A$4, IF( AND(C69 >= 'Campaign Metadata'!J$5, C69 <= 'Campaign Metadata'!H$5), 'Campaign Metadata'!A$5, "Outside Campaign" )))) -> FestiveRadiance | E69: Image | F69: Check out our latest image on facebook! | G69: 3564 | H69: 629 | I69: 177 | J69: 60588 | K69: 59627 | L69: 92 | M69: PepsiCoRefresh | P69: 0.072126494 | Q69: =DATEVALUE(C69) -> 45621 | R69: =G69 + H69 + I69 -> 4370 | S69: =IF(D69="Outside Campaign","Before Campaign","During Campaign") -> During Campaign | T69: =IF(B69=B68, K69-K68, 0) -> 17 | U69: =ISOWEEKNUM(C69) -> 48
A70: P215 | B70: FACEBOOK | C70: 45783 | D70: =IF( AND(C70 >= 'Campaign Metadata'!J$2, C70 <= 'Campaign Metadata'!H$2), 'Campaign Metadata'!A$2, IF( AND(C70 >= 'Campaign Metadata'!J$3, C70 <= 'Campaign Metadata'!H$3), 'Campaign Metadata'!A$3, IF( AND(C70 >= 'Campaign Metadata'!J$4, C70 <= 'Campaign Metadata'!H$4), 'Campaign Metadata'!A$4, IF( AND(C70 >= 'Campaign Metadata'!J$5, C70 <= 'Campaign Metadata'!H$5), 'Campaign Metadata'!A$5, "Outside Campaign" )))) -> Outside Campaign | E70: Image | F70: Check out our latest image on facebook! | G70: 4872 | H70: 925 | I70: 176 | J70: 82824 | K70: 82543 | L70: 89 | M70: ThirstyForMore | P70: 0.072116778 | Q70: =DATEVALUE(C70) -> 45783 | R70: =G70 + H70 + I70 -> 5973 | S70: =IF(D70="Outside Campaign","Before Campaign","During Campaign") -> Before Campaign | T70: =IF(B70=B69, K70-K69, 0) -> 22916 | U70: =ISOWEEKNUM(C70) -> 19
... A113: P094 | B113: INSTAGRAM | C113: 45603 | D113: =IF( AND(C113 >= 'Campaign Metadata'!J$2, C113 <= 'Campaign Metadata'!H$2), 'Campaign Metadata'!A$2, IF( AND(C113 >= 'Campaign Metadata'!J$3, C113 <= 'Campaign Metadata'!H$3), 'Campaign Metadata'!A$3, IF( AND(C113 >= 'Campaign Metadata'!J$4, C113 <= 'Campaign Metadata'!H$4), 'Campaign Metadata'!A$4, IF( AND(C113 >= 'Campaign Metadata'!J$5, C113 <= 'Campaign Metadata'!H$5), 'Campaign Metadata'!A$5, "Outside Campaign" )))) -> FestiveRadiance | E113: Image | F113: Check out our latest image on instagram! | G113: 2647 | H113: 304 | I113: 170 | J113: 18529 | K113: 17841 | L113: 46 | M113: LiveForNow | P113: 0.16843866 | Q113: =DATEVALUE(C113) -> 45603 | R113: =G113 + H113 + I113 -> 3121 | S113: =IF(D113="Outside Campaign","Before Campaign","During Campaign") -> During Campaign | T113: =IF(B113=B112, K113-K112, 0) -> 11582 | U113: =ISOWEEKNUM(C113) -> 45
A114: P060 | B114: INSTAGRAM | C114: 45685 | D114: =IF( AND(C114 >= 'Campaign Metadata'!J$2, C114 <= 'Campaign Metadata'!H$2), 'Campaign Metadata'!A$2, IF( AND(C114 >= 'Campaign Metadata'!J$3, C114 <= 'Campaign Metadata'!H$3), 'Campaign Metadata'!A$3, IF( AND(C114 >= 'Campaign Metadata'!J$4, C114 <= 'Campaign Metadata'!H$4), 'Campaign Metadata'!A$4, IF( AND(C114 >= 'Campaign Metadata'!J$5, C114 <= 'Campaign Metadata'!H$5), 'Campaign Metadata'!A$5, "Outside Campaign" )))) -> NewYearRefresh | E114: Video | F114: Check out our latest video on instagram! | G114: 904 | H114: 973 | I114: 63 | J114: 11752 | K114: 11580 | L114: 84 | M114: ThirstyForMore | N114: PepsiCoRefresh | O114: AnytimeIsPepsiTime | P114: 0.16507828 | Q114: =DATEVALUE(C114) -> 45685 | R114: =G114 + H114 + I114 -> 1940 | S114: =IF(D114="Outside Campaign","Before Campaign","During Campaign") -> During Campaign | T114: =IF(B114=B113, K114-K113, 0) -> -6261 | U114: =ISOWEEKNUM(C114) -> 5
A115: P147 | B115: INSTAGRAM | C115: 45586 | D115: =IF( AND(C115 >= 'Campaign Metadata'!J$2, C115 <= 'Campaign Metadata'!H$2), 'Campaign Metadata'!A$2, IF( AND(C115 >= 'Campaign Metadata'!J$3, C115 <= 'Campaign Metadata'!H$3), 'Campaign Metadata'!A$3, IF( AND(C115 >= 'Campaign Metadata'!J$4, C115 <= 'Campaign Metadata'!H$4), 'Campaign Metadata'!A$4, IF( AND(C115 >= 'Campaign Metadata'!J$5, C115 <= 'Campaign Metadata'!H$5), 'Campaign Metadata'!A$5, "Outside Campaign" )))) -> FestiveRadiance | E115: Reel | F115: Check out our latest reel on instagram! | G115: 3256 | H115: 459 | I115: 266 | J115: 26048 | K115: 25529 | L115: 143 | M115: PepsiCoRefresh | P115: 0.15283323 | Q115: =DATEVALUE(C115) -> 45586 | R115: =G115 + H115 + I115 -> 3981 | S115: =IF(D115="Outside Campaign","Before Campaign","During Campaign") -> During Campaign | T115: =IF(B115=B114, K115-K114, 0) -> 13949 | U115: =ISOWEEKNUM(C115) -> 43
A116: P004 | B116: INSTAGRAM | C116: 45516 | D116: =IF( AND(C116 >= 'Campaign Metadata'!J$2, C116 <= 'Campaign Metadata'!H$2), 'Campaign Metadata'!A$2, IF( AND(C116 >= 'Campaign Metadata'!J$3, C116 <= 'Campaign Metadata'!H$3), 'Campaign Metadata'!A$3, IF( AND(C116 >= 'Campaign Metadata'!J$4, C116 <= 'Campaign Metadata'!H$4), 'Campaign Metadata'!A$4, IF( AND(C116 >= 'Campaign Metadata'!J$5, C116 <= 'Campaign Metadata'!H$5), 'Campaign Metadata'!A$5, "Outside Campaign" )))) -> SummerSplash | E116: Story | F116: Check out our latest story on instagram! | G116: 2404 | H116: 363 | I116: 138 | J116: 19232 | K116: 18636 | L116: 128 | M116: ThirstyForMore | P116: 0.15105033 | Q116: =DATEVALUE(C116) -> 45516 | R116: =G116 + H116 + I116 -> 2905 | S116: =IF(D116="Outside Campaign","Before Campaign","During Campaign") -> During Campaign | T116: =IF(B116=B115, K116-K115, 0) -> -6893 | U116: =ISOWEEKNUM(C116) -> 33
A117: P192 | B117: INSTAGRAM | C117: 45625 | D117: =IF( AND(C117 >= 'Campaign Metadata'!J$2, C117 <= 'Campaign Metadata'!H$2), 'Campaign Metadata'!A$2, IF( AND(C117 >= 'Campaign Metadata'!J$3, C117 <= 'Campaign Metadata'!H$3), 'Campaign Metadata'!A$3, IF( AND(C117 >= 'Campaign Metadata'!J$4, C117 <= 'Campaign Metadata'!H$4), 'Campaign Metadata'!A$4, IF( AND(C117 >= 'Campaign Metadata'!J$5, C117 <= 'Campaign Metadata'!H$5), 'Campaign Metadata'!A$5, "Outside Campaign" )))) -> FestiveRadiance | E117: Video | F117: Check out our latest video on instagram! | G117: 1176 | H117: 464 | I117: 394 | J117: 14112 | K117: 13588 | L117: 272 | M117: ThirstyForMore | P117: 0.14413265 | Q117: =DATEVALUE(C117) -> 45625 | R117: =G117 + H117 + I117 -> 2034 | S117: =IF(D117="Outside Campaign","Before Campaign","During Campaign") -> During Campaign | T117: =IF(B117=B116, K117-K116, 0) -> -5048 | U117: =ISOWEEKNUM(C117) -> 48
A118: P272 | B118: INSTAGRAM | C118: 45743 | D118: =IF( AND(C118 >= 'Campaign Metadata'!J$2, C118 <= 'Campaign Metadata'!H$2), 'Campaign Metadata'!A$2, IF( AND(C118 >= 'Campaign Metadata'!J$3, C118 <= 'Campaign Metadata'!H$3), 'Campaign Metadata'!A$3, IF( AND(C118 >= 'Campaign Metadata'!J$4, C118 <= 'Campaign Metadata'!H$4), 'Campaign Metadata'!A$4, IF( AND(C118 >= 'Campaign Metadata'!J$5, C118 <= 'Campaign Metadata'!H$5), 'Campaign Metadata'!A$5, "Outside Campaign" )))) -> Outside Campaign | E118: Text | F118: Check out our latest text on instagram! | G118: 4941 | H118: 414 | I118: 266 | J118: 39528 | K118: 39154 | L118: 217 | M118: PepsiCoRefresh | P118: 0.142203 | Q118: =DATEVALUE(C118) -> 45743 | R118: =G118 + H118 + I118 -> 5621 | S118: =IF(D118="Outside Campaign","Before Campaign","During Campaign") -> Before Campaign | T118: =IF(B118=B117, K118-K117, 0) -> 25566 | U118: =ISOWEEKNUM(C118) -> 13
A119: P195 | B119: INSTAGRAM | C119: 45519 | D119: =IF( AND(C119 >= 'Campaign Metadata'!J$2, C119 <= 'Campaign Metadata'!H$2), 'Campaign Metadata'!A$2, IF( AND(C119 >= 'Campaign Metadata'!J$3, C119 <= 'Campaign Metadata'!H$3), 'Campaign Metadata'!A$3, IF( AND(C119 >= 'Campaign Metadata'!J$4, C119 <= 'Campaign Metadata'!H$4), 'Campaign Metadata'!A$4, IF( AND(C119 >= 'Campaign Metadata'!J$5, C119 <= 'Campaign Metadata'!H$5), 'Campaign Metadata'!A$5, "Outside Campaign" )))) -> SummerSplash | E119: Carousel | F119: Check out our latest carousel on instagram! | G119: 914 | H119: 464 | I119: 246 | J119: 11882 | K119: 11500 | L119: 282 | M119: LiveForNow | N119: PepsiCoRefresh | O119: AnytimeIsPepsiTime | P119: 0.13667733 | Q119: =DATEVALUE(C119) -> 45519 | R119: =G119 + H119 + I119 -> 1624 | S119: =IF(D119="Outside Campaign","Before Campaign","During Campaign") -> During Campaign | T119: =IF(B119=B118, K119-K118, 0) -> -27654 | U119: =ISOWEEKNUM(C119) -> 33
A120: P132 | B120: INSTAGRAM | C120: 45720 | D120: =IF( AND(C120 >= 'Campaign Metadata'!J$2, C120 <= 'Campaign Metadata'!H$2), 'Campaign Metadata'!A$2, IF( AND(C120 >= 'Campaign Metadata'!J$3, C120 <= 'Campaign Metadata'!H$3), 'Campaign Metadata'!A$3, IF( AND(C120 >= 'Campaign Metadata'!J$4, C120 <= 'Campaign Metadata'!H$4), 'Campaign Metadata'!A$4, IF( AND(C120 >= 'Campaign Metadata'!J$5, C120 <= 'Campaign Metadata'!H$5), 'Campaign Metadata'!A$5, "Outside Campaign" )))) -> Outside Campaign | E120: Story | F120: Check out our latest story on instagram! | G120: 1947 | H120: 842 | I120: 101 | J120: 21417 | K120: 20967 | L120: 186 | M120: LiveForNow | P120: 0.13493953 | Q120: =DATEVALUE(C120) -> 45720 | R120: =G120 + H120 + I120 -> 2890 | S120: =IF(D120="Outside Campaign","Before Campaign","During Campaign") -> Before Campaign | T120: =IF(B120=B119, K120-K119, 0) -> 9467 | U120: =ISOWEEKNUM(C120) -> 10
A121: P229 | B121: INSTAGRAM | C121: 45476 | D121: =IF( AND(C121 >= 'Campaign Metadata'!J$2, C121 <= 'Campaign Metadata'!H$2), 'Campaign Metadata'!A$2, IF( AND(C121 >= 'Campaign Metadata'!J$3, C121 <= 'Campaign Metadata'!H$3), 'Campaign Metadata'!A$3, IF( AND(C121 >= 'Campaign Metadata'!J$4, C121 <= 'Campaign Metadata'!H$4), 'Campaign Metadata'!A$4, IF( AND(C121 >= 'Campaign Metadata'!J$5, C121 <= 'Campaign Metadata'!H$5), 'Campaign Metadata'!A$5, "Outside Campaign" )))) -> SummerSplash | E121: Carousel | F121: Check out our latest carousel on instagram! | G121: 4799 | H121: 694 | I121: 289 | J121: 43191 | K121: 42228 | L121: 118 | M121: PepsiCoRefresh | P121: 0.13387048 | Q121: =DATEVALUE(C121) -> 45476 | R121: =G121 + H121 + I121 -> 5782 | S121: =IF(D121="Outside Campaign","Before Campaign","During Campaign") -> During Campaign | T121: =IF(B121=B120, K121-K120, 0) -> 21261 | U121: =ISOWEEKNUM(C121) -> 27
A122: P131 | B122: INSTAGRAM | C122: 45586 | D122: =IF( AND(C122 >= 'Campaign Metadata'!J$2, C122 <= 'Campaign Metadata'!H$2), 'Campaign Metadata'!A$2, IF( AND(C122 >= 'Campaign Metadata'!J$3, C122 <= 'Campaign Metadata'!H$3), 'Campaign Metadata'!A$3, IF( AND(C122 >= 'Campaign Metadata'!J$4, C122 <= 'Campaign Metadata'!H$4), 'Campaign Metadata'!A$4, IF( AND(C122 >= 'Campaign Metadata'!J$5, C122 <= 'Campaign Metadata'!H$5), 'Campaign Metadata'!A$5, "Outside Campaign" )))) -> FestiveRadiance | E122: Reel | F122: Check out our latest reel on instagram! | G122: 4840 | H122: 658 | I122: 211 | J122: 43560 | K122: 43225 | L122: 57 | M122: LiveForNow | P122: 0.13106061 | Q122: =DATEVALUE(C122) -> 45586 | R122: =G122 + H122 + I122 -> 5709 | S122: =IF(D122="Outside Campaign","Before Campaign","During Campaign") -> During Campaign | T122: =IF(B122=B121, K122-K121, 0) -> 997 | U122: =ISOWEEKNUM(C122) -> 43
A123: P105 | B123: INSTAGRAM | C123: 45457 | D123: =IF( AND(C123 >= 'Campaign Metadata'!J$2, C123 <= 'Campaign Metadata'!H$2), 'Campaign Metadata'!A$2, IF( AND(C123 >= 'Campaign Metadata'!J$3, C123 <= 'Campaign Metadata'!H$3), 'Campaign Metadata'!A$3, IF( AND(C123 >= 'Campaign Metadata'!J$4, C123 <= 'Campaign Metadata'!H$4), 'Campaign Metadata'!A$4, IF( AND(C123 >= 'Campaign Metadata'!J$5, C123 <= 'Campaign Metadata'!H$5), 'Campaign Metadata'!A$5, "Outside Campaign" )))) -> SummerSplash | E123: Carousel | F123: Check out our latest carousel on instagram! | G123: 498 | H123: 38 | I123: 42 | J123: 4482 | K123: 3647 | L123: 32 | M123: LiveForNow | P123: 0.12896029 | Q123: =DATEVALUE(C123) -> 45457 | R123: =G123 + H123 + I123 -> 578 | S123: =IF(D123="Outside Campaign","Before Campaign","During Campaign") -> During Campaign | T123: =IF(B123=B122, K123-K122, 0) -> -39578 | U123: =ISOWEEKNUM(C123) -> 24
A124: P196 | B124: INSTAGRAM | C124: 45645 | D124: =IF( AND(C124 >= 'Campaign Metadata'!J$2, C124 <= 'Campaign Metadata'!H$2), 'Campaign Metadata'!A$2, IF( AND(C124 >= 'Campaign Metadata'!J$3, C124 <= 'Campaign Metadata'!H$3), 'Campaign Metadata'!A$3, IF( AND(C124 >= 'Campaign Metadata'!J$4, C124 <= 'Campaign Metadata'!H$4), 'Campaign Metadata'!A$4, IF( AND(C124 >= 'Campaign Metadata'!J$5, C124 <= 'Campaign Metadata'!H$5), 'Campaign Metadata'!A$5, "Outside Campaign" )))) -> FestiveRadiance | E124: Text | F124: Check out our latest text on instagram! | G124: 1813 | H124: 623 | I124: 72 | J124: 19943 | K124: 18959 | L124: 85 | M124: ThirstyForMore | P124: 0.12575841 | Q124: =DATEVALUE(C124) -> 45645 | R124: =G124 + H124 + I124 -> 2508 | S124: =IF(D124="Outside Campaign","Before Campaign","During Campaign") -> During Campaign | T124: =IF(B124=B123, K124-K123, 0) -> 15312 | U124: =ISOWEEKNUM(C124) -> 51
A125: P110 | B125: INSTAGRAM | C125: 45502 | D125: =IF( AND(C125 >= 'Campaign Metadata'!J$2, C125 <= 'Campaign Metadata'!H$2), 'Campaign Metadata'!A$2, IF( AND(C125 >= 'Campaign Metadata'!J$3, C125 <= 'Campaign Metadata'!H$3), 'Campaign Metadata'!A$3, IF( AND(C125 >= 'Campaign Metadata'!J$4, C125 <= 'Campaign Metadata'!H$4), 'Campaign Metadata'!A$4, IF( AND(C125 >= 'Campaign Metadata'!J$5, C125 <= 'Campaign Metadata'!H$5), 'Campaign Metadata'!A$5, "Outside Campaign" )))) -> SummerSplash | E125: Reel | F125: Check out our latest reel on instagram! | G125: 3523 | H125: 753 | I125: 482 | J125: 38753 | K125: 38579 | L125: 270 | M125: ThirstyForMore | P125: 0.12277759 | Q125: =DATEVALUE(C125) -> 45502 | R125: =G125 + H125 + I125 -> 4758 | S125: =IF(D125="Outside Campaign","Before Campaign","During Campaign") -> During Campaign | T125: =IF(B125=B124, K125-K124, 0) -> 19620 | U125: =ISOWEEKNUM(C125) -> 31
A126: P075 | B126: INSTAGRAM | C126: 45505 | D126: =IF( AND(C126 >= 'Campaign Metadata'!J$2, C126 <= 'Campaign Metadata'!H$2), 'Campaign Metadata'!A$2, IF( AND(C126 >= 'Campaign Metadata'!J$3, C126 <= 'Campaign Metadata'!H$3), 'Campaign Metadata'!A$3, IF( AND(C126 >= 'Campaign Metadata'!J$4, C126 <= 'Campaign Metadata'!H$4), 'Campaign Metadata'!A$4, IF( AND(C126 >= 'Campaign Metadata'!J$5, C126 <= 'Campaign Metadata'!H$5), 'Campaign Metadata'!A$5, "Outside Campaign" )))) -> SummerSplash | E126: Reel | F126: Check out our latest reel on instagram! | G126: 1674 | H126: 929 | I126: 37 | J126: 21762 | K126: 20998 | L126: 255 | M126: PepsiCoRefresh | P126: 0.12131238 | Q126: =DATEVALUE(C126) -> 45505 | R126: =G126 + H126 + I126 -> 2640 | S126: =IF(D126="Outside Campaign","Before Campaign","During Campaign") -> During Campaign | T126: =IF(B126=B125, K126-K125, 0) -> -17581 | U126: =ISOWEEKNUM(C126) -> 31
A127: P065 | B127: INSTAGRAM | C127: 45744 | D127: =IF( AND(C127 >= 'Campaign Metadata'!J$2, C127 <= 'Campaign Metadata'!H$2), 'Campaign Metadata'!A$2, IF( AND(C127 >= 'Campaign Metadata'!J$3, C127 <= 'Campaign Metadata'!H$3), 'Campaign Metadata'!A$3, IF( AND(C127 >= 'Campaign Metadata'!J$4, C127 <= 'Campaign Metadata'!H$4), 'Campaign Metadata'!A$4, IF( AND(C127 >= 'Campaign Metadata'!J$5, C127 <= 'Campaign Metadata'!H$5), 'Campaign Metadata'!A$5, "Outside Campaign" )))) -> Outside Campaign | E127: Story | F127: Check out our latest story on instagram! | G127: 1881 | H127: 501 | I127: 99 | J127: 20691 | K127: 19987 | L127: 289 | M127: ThirstyForMore | P127: 0.11990721 | Q127: =DATEVALUE(C127) -> 45744 | R127: =G127 + H127 + I127 -> 2481 | S127: =IF(D127="Outside Campaign","Before Campaign","During Campaign") -> Before Campaign | T127: =IF(B127=B126, K127-K126, 0) -> -1011 | U127: =ISOWEEKNUM(C127) -> 13
A128: P035 | B128: INSTAGRAM | C128: 45626 | D128: =IF( AND(C128 >= 'Campaign Metadata'!J$2, C128 <= 'Campaign Metadata'!H$2), 'Campaign Metadata'!A$2, IF( AND(C128 >= 'Campaign Metadata'!J$3, C128 <= 'Campaign Metadata'!H$3), 'Campaign Metadata'!A$3, IF( AND(C128 >= 'Campaign Metadata'!J$4, C128 <= 'Campaign Metadata'!H$4), 'Campaign Metadata'!A$4, IF( AND(C128 >= 'Campaign Metadata'!J$5, C128 <= 'Campaign Metadata'!H$5), 'Campaign Metadata'!A$5, "Outside Campaign" )))) -> FestiveRadiance | E128: Video | F128: Check out our latest video on instagram! | G128: 3775 | H128: 16 | I128: 239 | J128: 33975 | K128: 33310 | L128: 271 | M128: LiveForNow | P128: 0.11861663 | Q128: =DATEVALUE(C128) -> 45626 | R128: =G128 + H128 + I128 -> 4030 | S128: =IF(D128="Outside Campaign","Before Campaign","During Campaign") -> During Campaign | T128: =IF(B128=B127, K128-K127, 0) -> 13323 | U128: =ISOWEEKNUM(C128) -> 48
A129: P251 | B129: INSTAGRAM | C129: 45743 | D129: =IF( AND(C129 >= 'Campaign Metadata'!J$2, C129 <= 'Campaign Metadata'!H$2), 'Campaign Metadata'!A$2, IF( AND(C129 >= 'Campaign Metadata'!J$3, C129 <= 'Campaign Metadata'!H$3), 'Campaign Metadata'!A$3, IF( AND(C129 >= 'Campaign Metadata'!J$4, C129 <= 'Campaign Metadata'!H$4), 'Campaign Metadata'!A$4, IF( AND(C129 >= 'Campaign Metadata'!J$5, C129 <= 'Campaign Metadata'!H$5), 'Campaign Metadata'!A$5, "Outside Campaign" )))) -> Outside Campaign | E129: Carousel | F129: Check out our latest carousel on instagram! | G129: 1377 | H129: 796 | I129: 387 | J129: 22032 | K129: 21869 | L129: 189 | M129: LiveForNow | P129: 0.11619463 | Q129: =DATEVALUE(C129) -> 45743 | R129: =G129 + H129 + I129 -> 2560 | S129: =IF(D129="Outside Campaign","Before Campaign","During Campaign") -> Before Campaign | T129: =IF(B129=B128, K129-K128, 0) -> -11441 | U129: =ISOWEEKNUM(C129) -> 13
A130: P011 | B130: INSTAGRAM | C130: 45690 | D130: =IF( AND(C130 >= 'Campaign Metadata'!J$2, C130 <= 'Campaign Metadata'!H$2), 'Campaign Metadata'!A$2, IF( AND(C130 >= 'Campaign Metadata'!J$3, C130 <= 'Campaign Metadata'!H$3), 'Campaign Metadata'!A$3, IF( AND(C130 >= 'Campaign Metadata'!J$4, C130 <= 'Campaign Metadata'!H$4), 'Campaign Metadata'!A$4, IF( AND(C130 >= 'Campaign Metadata'!J$5, C130 <= 'Campaign Metadata'!H$5), 'Campaign Metadata'!A$5, "Outside Campaign" )))) -> NewYearRefresh | E130: Story | F130: Check out our latest story on instagram! | G130: 1792 | H130: 614 | I130: 497 | J130: 25088 | K130: 24675 | L130: 65 | M130: LiveForNow | P130: 0.11571269 | Q130: =DATEVALUE(C130) -> 45690 | R130: =G130 + H130 + I130 -> 2903 | S130: =IF(D130="Outside Campaign","Before Campaign","During Campaign") -> During Campaign | T130: =IF(B130=B129, K130-K129, 0) -> 2806 | U130: =ISOWEEKNUM(C130) -> 5
A131: P158 | B131: INSTAGRAM | C131: 45515 | D131: =IF( AND(C131 >= 'Campaign Metadata'!J$2, C131 <= 'Campaign Metadata'!H$2), 'Campaign Metadata'!A$2, IF( AND(C131 >= 'Campaign Metadata'!J$3, C131 <= 'Campaign Metadata'!H$3), 'Campaign Metadata'!A$3, IF( AND(C131 >= 'Campaign Metadata'!J$4, C131 <= 'Campaign Metadata'!H$4), 'Campaign Metadata'!A$4, IF( AND(C131 >= 'Campaign Metadata'!J$5, C131 <= 'Campaign Metadata'!H$5), 'Campaign Metadata'!A$5, "Outside Campaign" )))) -> SummerSplash | E131: Story | F131: Check out our latest story on instagram! | G131: 1762 | H131: 405 | I131: 423 | J131: 22906 | K131: 21925 | L131: 25 | M131: PepsiCoRefresh | P131: 0.11307081 | Q131: =DATEVALUE(C131) -> 45515 | R131: =G131 + H131 + I131 -> 2590 | S131: =IF(D131="Outside Campaign","Before Campaign","During Campaign") -> During Campaign | T131: =IF(B131=B130, K131-K130, 0) -> -2750 | U131: =ISOWEEKNUM(C131) -> 32
... A143: P079 | B143: INSTAGRAM | C143: 45574 | D143: =IF( AND(C143 >= 'Campaign Metadata'!J$2, C143 <= 'Campaign Metadata'!H$2), 'Campaign Metadata'!A$2, IF( AND(C143 >= 'Campaign Metadata'!J$3, C143 <= 'Campaign Metadata'!H$3), 'Campaign Metadata'!A$3, IF( AND(C143 >= 'Campaign Metadata'!J$4, C143 <= 'Campaign Metadata'!H$4), 'Campaign Metadata'!A$4, IF( AND(C143 >= 'Campaign Metadata'!J$5, C143 <= 'Campaign Metadata'!H$5), 'Campaign Metadata'!A$5, "Outside Campaign" )))) -> FestiveRadiance | E143: Carousel | F143: Check out our latest carousel on instagram! | G143: 3068 | H143: 137 | I143: 329 | J143: 39884 | K143: 39404 | L143: 266 | M143: ThirstyForMore | P143: 0.08860696 | Q143: =DATEVALUE(C143) -> 45574 | R143: =G143 + H143 + I143 -> 3534 | S143: =IF(D143="Outside Campaign","Before Campaign","During Campaign") -> During Campaign | T143: =IF(B143=B142, K143-K142, 0) -> -3517 | U143: =ISOWEEKNUM(C143) -> 41
A144: P260 | B144: INSTAGRAM | C144: 45700 | D144: =IF( AND(C144 >= 'Campaign Metadata'!J$2, C144 <= 'Campaign Metadata'!H$2), 'Campaign Metadata'!A$2, IF( AND(C144 >= 'Campaign Metadata'!J$3, C144 <= 'Campaign Metadata'!H$3), 'Campaign Metadata'!A$3, IF( AND(C144 >= 'Campaign Metadata'!J$4, C144 <= 'Campaign Metadata'!H$4), 'Campaign Metadata'!A$4, IF( AND(C144 >= 'Campaign Metadata'!J$5, C144 <= 'Campaign Metadata'!H$5), 'Campaign Metadata'!A$5, "Outside Campaign" )))) -> NewYearRefresh | E144: Story | F144: Check out our latest story on instagram! | G144: 4332 | H144: 771 | I144: 219 | J144: 60648 | K144: 60397 | L144: 10 | M144: PepsiCoRefresh | N144: ThirstyForMore | O144: BetterWithPepsi | P144: 0.087752275 | Q144: =DATEVALUE(C144) -> 45700 | R144: =G144 + H144 + I144 -> 5322 | S144: =IF(D144="Outside Campaign","Before Campaign","During Campaign") -> During Campaign | T144: =IF(B144=B143, K144-K143, 0) -> 20993 | U144: =ISOWEEKNUM(C144) -> 7
A145: P097 | B145: INSTAGRAM | C145: 45517 | D145: =IF( AND(C145 >= 'Campaign Metadata'!J$2, C145 <= 'Campaign Metadata'!H$2), 'Campaign Metadata'!A$2, IF( AND(C145 >= 'Campaign Metadata'!J$3, C145 <= 'Campaign Metadata'!H$3), 'Campaign Metadata'!A$3, IF( AND(C145 >= 'Campaign Metadata'!J$4, C145 <= 'Campaign Metadata'!H$4), 'Campaign Metadata'!A$4, IF( AND(C145 >= 'Campaign Metadata'!J$5, C145 <= 'Campaign Metadata'!H$5), 'Campaign Metadata'!A$5, "Outside Campaign" )))) -> SummerSplash | E145: Image | F145: Check out our latest image on instagram! | G145: 4739 | H145: 527 | I145: 135 | J145: 61607 | K145: 61333 | L145: 36 | M145: PepsiCoRefresh | N145: AnytimeIsPepsiTime | P145: 0.087668609 | Q145: =DATEVALUE(C145) -> 45517 | R145: =G145 + H145 + I145 -> 5401 | S145: =IF(D145="Outside Campaign","Before Campaign","During Campaign") -> During Campaign | T145: =IF(B145=B144, K145-K144, 0) -> 936 | U145: =ISOWEEKNUM(C145) -> 33
A146: P231 | B146: INSTAGRAM | C146: 45778 | D146: =IF( AND(C146 >= 'Campaign Metadata'!J$2, C146 <= 'Campaign Metadata'!H$2), 'Campaign Metadata'!A$2, IF( AND(C146 >= 'Campaign Metadata'!J$3, C146 <= 'Campaign Metadata'!H$3), 'Campaign Metadata'!A$3, IF( AND(C146 >= 'Campaign Metadata'!J$4, C146 <= 'Campaign Metadata'!H$4), 'Campaign Metadata'!A$4, IF( AND(C146 >= 'Campaign Metadata'!J$5, C146 <= 'Campaign Metadata'!H$5), 'Campaign Metadata'!A$5, "Outside Campaign" )))) -> Outside Campaign | E146: Text | F146: Check out our latest text on instagram! | G146: 1430 | H146: 376 | I146: 33 | J146: 21450 | K146: 20509 | L146: 251 | M146: LiveForNow | P146: 0.085734266 | Q146: =DATEVALUE(C146) -> 45778 | R146: =G146 + H146 + I146 -> 1839 | S146: =IF(D146="Outside Campaign","Before Campaign","During Campaign") -> Before Campaign | T146: =IF(B146=B145, K146-K145, 0) -> -40824 | U146: =ISOWEEKNUM(C146) -> 18
A147: P106 | B147: INSTAGRAM | C147: 45692 | D147: =IF( AND(C147 >= 'Campaign Metadata'!J$2, C147 <= 'Campaign Metadata'!H$2), 'Campaign Metadata'!A$2, IF( AND(C147 >= 'Campaign Metadata'!J$3, C147 <= 'Campaign Metadata'!H$3), 'Campaign Metadata'!A$3, IF( AND(C147 >= 'Campaign Metadata'!J$4, C147 <= 'Campaign Metadata'!H$4), 'Campaign Metadata'!A$4, IF( AND(C147 >= 'Campaign Metadata'!J$5, C147 <= 'Campaign Metadata'!H$5), 'Campaign Metadata'!A$5, "Outside Campaign" )))) -> NewYearRefresh | E147: Image | F147: Check out our latest image on instagram! | G147: 4619 | H147: 821 | I147: 499 | J147: 69285 | K147: 69141 | L147: 298 | M147: PepsiCoRefresh | P147: 0.085718409 | Q147: =DATEVALUE(C147) -> 45692 | R147: =G147 + H147 + I147 -> 5939 | S147: =IF(D147="Outside Campaign","Before Campaign","During Campaign") -> During Campaign | T147: =IF(B147=B146, K147-K146, 0) -> 48632 | U147: =ISOWEEKNUM(C147) -> 6
A148: P082 | B148: INSTAGRAM | C148: 45497 | D148: =IF( AND(C148 >= 'Campaign Metadata'!J$2, C148 <= 'Campaign Metadata'!H$2), 'Campaign Metadata'!A$2, IF( AND(C148 >= 'Campaign Metadata'!J$3, C148 <= 'Campaign Metadata'!H$3), 'Campaign Metadata'!A$3, IF( AND(C148 >= 'Campaign Metadata'!J$4, C148 <= 'Campaign Metadata'!H$4), 'Campaign Metadata'!A$4, IF( AND(C148 >= 'Campaign Metadata'!J$5, C148 <= 'Campaign Metadata'!H$5), 'Campaign Metadata'!A$5, "Outside Campaign" )))) -> SummerSplash | E148: Image | F148: Check out our latest image on instagram! | G148: 725 | H148: 88 | I148: 428 | J148: 14500 | K148: 13637 | L148: 200 | M148: LiveForNow | N148: PepsiCoRefresh | O148: AnytimeIsPepsiTime | P148: 0.085586207 | Q148: =DATEVALUE(C148) -> 45497 | R148: =G148 + H148 + I148 -> 1241 | S148: =IF(D148="Outside Campaign","Before Campaign","During Campaign") -> During Campaign | T148: =IF(B148=B147, K148-K147, 0) -> -55504 | U148: =ISOWEEKNUM(C148) -> 30
A149: P268 | B149: INSTAGRAM | C149: 45760 | D149: =IF( AND(C149 >= 'Campaign Metadata'!J$2, C149 <= 'Campaign Metadata'!H$2), 'Campaign Metadata'!A$2, IF( AND(C149 >= 'Campaign Metadata'!J$3, C149 <= 'Campaign Metadata'!H$3), 'Campaign Metadata'!A$3, IF( AND(C149 >= 'Campaign Metadata'!J$4, C149 <= 'Campaign Metadata'!H$4), 'Campaign Metadata'!A$4, IF( AND(C149 >= 'Campaign Metadata'!J$5, C149 <= 'Campaign Metadata'!H$5), 'Campaign Metadata'!A$5, "Outside Campaign" )))) -> Outside Campaign | E149: Reel | F149: Check out our latest reel on instagram! | G149: 4579 | H149: 125 | I149: 300 | J149: 59527 | K149: 59400 | L149: 269 | M149: ThirstyForMore | P149: 0.084062694 | Q149: =DATEVALUE(C149) -> 45760 | R149: =G149 + H149 + I149 -> 5004 | S149: =IF(D149="Outside Campaign","Before Campaign","During Campaign") -> Before Campaign | T149: =IF(B149=B148, K149-K148, 0) -> 45763 | U149: =ISOWEEKNUM(C149) -> 15
A150: P290 | B150: INSTAGRAM | C150: 45646 | D150: =IF( AND(C150 >= 'Campaign Metadata'!J$2, C150 <= 'Campaign Metadata'!H$2), 'Campaign Metadata'!A$2, IF( AND(C150 >= 'Campaign Metadata'!J$3, C150 <= 'Campaign Metadata'!H$3), 'Campaign Metadata'!A$3, IF( AND(C150 >= 'Campaign Metadata'!J$4, C150 <= 'Campaign Metadata'!H$4), 'Campaign Metadata'!A$4, IF( AND(C150 >= 'Campaign Metadata'!J$5, C150 <= 'Campaign Metadata'!H$5), 'Campaign Metadata'!A$5, "Outside Campaign" )))) -> FestiveRadiance | E150: Carousel | F150: Check out our latest carousel on instagram! | G150: 2107 | H150: 550 | I150: 349 | J150: 35819 | K150: 35340 | L150: 191 | M150: ThirstyForMore | P150: 0.083921941 | Q150: =DATEVALUE(C150) -> 45646 | R150: =G150 + H150 + I150 -> 3006 | S150: =IF(D150="Outside Campaign","Before Campaign","During Campaign") -> During Campaign | T150: =IF(B150=B149, K150-K149, 0) -> -24060 | U150: =ISOWEEKNUM(C150) -> 51
A151: P261 | B151: INSTAGRAM | C151: 45592 | D151: =IF( AND(C151 >= 'Campaign Metadata'!J$2, C151 <= 'Campaign Metadata'!H$2), 'Campaign Metadata'!A$2, IF( AND(C151 >= 'Campaign Metadata'!J$3, C151 <= 'Campaign Metadata'!H$3), 'Campaign Metadata'!A$3, IF( AND(C151 >= 'Campaign Metadata'!J$4, C151 <= 'Campaign Metadata'!H$4), 'Campaign Metadata'!A$4, IF( AND(C151 >= 'Campaign Metadata'!J$5, C151 <= 'Campaign Metadata'!H$5), 'Campaign Metadata'!A$5, "Outside Campaign" )))) -> FestiveRadiance | E151: Image | F151: Check out our latest image on instagram! | G151: 4853 | H151: 837 | I151: 340 | J151: 72795 | K151: 72237 | L151: 170 | M151: ThirstyForMore | P151: 0.08283536 | Q151: =DATEVALUE(C151) -> 45592 | R151: =G151 + H151 + I151 -> 6030 | S151: =IF(D151="Outside Campaign","Before Campaign","During Campaign") -> During Campaign | T151: =IF(B151=B150, K151-K150, 0) -> 36897 | U151: =ISOWEEKNUM(C151) -> 43
A152: P228 | B152: INSTAGRAM | C152: 45474 | D152: =IF( AND(C152 >= 'Campaign Metadata'!J$2, C152 <= 'Campaign Metadata'!H$2), 'Campaign Metadata'!A$2, IF( AND(C152 >= 'Campaign Metadata'!J$3, C152 <= 'Campaign Metadata'!H$3), 'Campaign Metadata'!A$3, IF( AND(C152 >= 'Campaign Metadata'!J$4, C152 <= 'Campaign Metadata'!H$4), 'Campaign Metadata'!A$4, IF( AND(C152 >= 'Campaign Metadata'!J$5, C152 <= 'Campaign Metadata'!H$5), 'Campaign Metadata'!A$5, "Outside Campaign" )))) -> SummerSplash | E152: Story | F152: Check out our latest story on instagram! | G152: 4808 | H152: 772 | I152: 320 | J152: 72120 | K152: 71696 | L152: 195 | M152: ThirstyForMore | P152: 0.081808098 | Q152: =DATEVALUE(C152) -> 45474 | R152: =G152 + H152 + I152 -> 5900 | S152: =IF(D152="Outside Campaign","Before Campaign","During Campaign") -> During Campaign | T152: =IF(B152=B151, K152-K151, 0) -> -541 | U152: =ISOWEEKNUM(C152) -> 27
A153: P122 | B153: INSTAGRAM | C153: 45567 | D153: =IF( AND(C153 >= 'Campaign Metadata'!J$2, C153 <= 'Campaign Metadata'!H$2), 'Campaign Metadata'!A$2, IF( AND(C153 >= 'Campaign Metadata'!J$3, C153 <= 'Campaign Metadata'!H$3), 'Campaign Metadata'!A$3, IF( AND(C153 >= 'Campaign Metadata'!J$4, C153 <= 'Campaign Metadata'!H$4), 'Campaign Metadata'!A$4, IF( AND(C153 >= 'Campaign Metadata'!J$5, C153 <= 'Campaign Metadata'!H$5), 'Campaign Metadata'!A$5, "Outside Campaign" )))) -> FestiveRadiance | E153: Text | F153: Check out our latest text on instagram! | G153: 3432 | H153: 869 | I153: 123 | J153: 54912 | K153: 53916 | L153: 264 | M153: ThirstyForMore | P153: 0.080565268 | Q153: =DATEVALUE(C153) -> 45567 | R153: =G153 + H153 + I153 -> 4424 | S153: =IF(D153="Outside Campaign","Before Campaign","During Campaign") -> During Campaign | T153: =IF(B153=B152, K153-K152, 0) -> -17780 | U153: =ISOWEEKNUM(C153) -> 40
A154: P080 | B154: INSTAGRAM | C154: 45456 | D154: =IF( AND(C154 >= 'Campaign Metadata'!J$2, C154 <= 'Campaign Metadata'!H$2), 'Campaign Metadata'!A$2, IF( AND(C154 >= 'Campaign Metadata'!J$3, C154 <= 'Campaign Metadata'!H$3), 'Campaign Metadata'!A$3, IF( AND(C154 >= 'Campaign Metadata'!J$4, C154 <= 'Campaign Metadata'!H$4), 'Campaign Metadata'!A$4, IF( AND(C154 >= 'Campaign Metadata'!J$5, C154 <= 'Campaign Metadata'!H$5), 'Campaign Metadata'!A$5, "Outside Campaign" )))) -> SummerSplash | E154: Story | F154: Check out our latest story on instagram! | G154: 2103 | H154: 892 | I154: 103 | J154: 39957 | K154: 39466 | L154: 28 | M154: LiveForNow | P154: 0.077533348 | Q154: =DATEVALUE(C154) -> 45456 | R154: =G154 + H154 + I154 -> 3098 | S154: =IF(D154="Outside Campaign","Before Campaign","During Campaign") -> During Campaign | T154: =IF(B154=B153, K154-K153, 0) -> -14450 | U154: =ISOWEEKNUM(C154) -> 24
A155: P021 | B155: INSTAGRAM | C155: 45661 | D155: =IF( AND(C155 >= 'Campaign Metadata'!J$2, C155 <= 'Campaign Metadata'!H$2), 'Campaign Metadata'!A$2, IF( AND(C155 >= 'Campaign Metadata'!J$3, C155 <= 'Campaign Metadata'!H$3), 'Campaign Metadata'!A$3, IF( AND(C155 >= 'Campaign Metadata'!J$4, C155 <= 'Campaign Metadata'!H$4), 'Campaign Metadata'!A$4, IF( AND(C155 >= 'Campaign Metadata'!J$5, C155 <= 'Campaign Metadata'!H$5), 'Campaign Metadata'!A$5, "Outside Campaign" )))) -> NewYearRefresh | E155: Reel | F155: Check out our latest reel on instagram! | G155: 4838 | H155: 640 | I155: 128 | J155: 72570 | K155: 72396 | L155: 83 | M155: LiveForNow | P155: 0.077249552 | Q155: =DATEVALUE(C155) -> 45661 | R155: =G155 + H155 + I155 -> 5606 | S155: =IF(D155="Outside Campaign","Before Campaign","During Campaign") -> During Campaign | T155: =IF(B155=B154, K155-K154, 0) -> 32930 | U155: =ISOWEEKNUM(C155) -> 1
A156: P036 | B156: INSTAGRAM | C156: 45766 | D156: =IF( AND(C156 >= 'Campaign Metadata'!J$2, C156 <= 'Campaign Metadata'!H$2), 'Campaign Metadata'!A$2, IF( AND(C156 >= 'Campaign Metadata'!J$3, C156 <= 'Campaign Metadata'!H$3), 'Campaign Metadata'!A$3, IF( AND(C156 >= 'Campaign Metadata'!J$4, C156 <= 'Campaign Metadata'!H$4), 'Campaign Metadata'!A$4, IF( AND(C156 >= 'Campaign Metadata'!J$5, C156 <= 'Campaign Metadata'!H$5), 'Campaign Metadata'!A$5, "Outside Campaign" )))) -> Outside Campaign | E156: Story | F156: Check out our latest story on instagram! | G156: 4518 | H156: 285 | I156: 383 | J156: 67770 | K156: 67621 | L156: 31 | M156: ThirstyForMore | P156: 0.076523535 | Q156: =DATEVALUE(C156) -> 45766 | R156: =G156 + H156 + I156 -> 5186 | S156: =IF(D156="Outside Campaign","Before Campaign","During Campaign") -> Before Campaign | T156: =IF(B156=B155, K156-K155, 0) -> -4775 | U156: =ISOWEEKNUM(C156) -> 16
A157: P090 | B157: INSTAGRAM | C157: 45446 | D157: =IF( AND(C157 >= 'Campaign Metadata'!J$2, C157 <= 'Campaign Metadata'!H$2), 'Campaign Metadata'!A$2, IF( AND(C157 >= 'Campaign Metadata'!J$3, C157 <= 'Campaign Metadata'!H$3), 'Campaign Metadata'!A$3, IF( AND(C157 >= 'Campaign Metadata'!J$4, C157 <= 'Campaign Metadata'!H$4), 'Campaign Metadata'!A$4, IF( AND(C157 >= 'Campaign Metadata'!J$5, C157 <= 'Campaign Metadata'!H$5), 'Campaign Metadata'!A$5, "Outside Campaign" )))) -> SummerSplash | E157: Image | F157: Check out our latest image on instagram! | G157: 3861 | H157: 960 | I157: 101 | J157: 69498 | K157: 68817 | L157: 297 | M157: PepsiCoRefresh | P157: 0.070822182 | Q157: =DATEVALUE(C157) -> 45446 | R157: =G157 + H157 + I157 -> 4922 | S157: =IF(D157="Outside Campaign","Before Campaign","During Campaign") -> During Campaign | T157: =IF(B157=B156, K157-K156, 0) -> 1196 | U157: =ISOWEEKNUM(C157) -> 23
A158: P095 | B158: INSTAGRAM | C158: 45604 | D158: =IF( AND(C158 >= 'Campaign Metadata'!J$2, C158 <= 'Campaign Metadata'!H$2), 'Campaign Metadata'!A$2, IF( AND(C158 >= 'Campaign Metadata'!J$3, C158 <= 'Campaign Metadata'!H$3), 'Campaign Metadata'!A$3, IF( AND(C158 >= 'Campaign Metadata'!J$4, C158 <= 'Campaign Metadata'!H$4), 'Campaign Metadata'!A$4, IF( AND(C158 >= 'Campaign Metadata'!J$5, C158 <= 'Campaign Metadata'!H$5), 'Campaign Metadata'!A$5, "Outside Campaign" )))) -> FestiveRadiance | E158: Text | F158: Check out our latest text on instagram! | G158: 3182 | H158: 559 | I158: 160 | J158: 57276 | K158: 56890 | L158: 163 | M158: LiveForNow | P158: 0.068108806 | Q158: =DATEVALUE(C158) -> 45604 | R158: =G158 + H158 + I158 -> 3901 | S158: =IF(D158="Outside Campaign","Before Campaign","During Campaign") -> During Campaign | T158: =IF(B158=B157, K158-K157, 0) -> -11927 | U158: =ISOWEEKNUM(C158) -> 45
A159: P237 | B159: INSTAGRAM | C159: 45587 | D159: =IF( AND(C159 >= 'Campaign Metadata'!J$2, C159 <= 'Campaign Metadata'!H$2), 'Campaign Metadata'!A$2, IF( AND(C159 >= 'Campaign Metadata'!J$3, C159 <= 'Campaign Metadata'!H$3), 'Campaign Metadata'!A$3, IF( AND(C159 >= 'Campaign Metadata'!J$4, C159 <= 'Campaign Metadata'!H$4), 'Campaign Metadata'!A$4, IF( AND(C159 >= 'Campaign Metadata'!J$5, C159 <= 'Campaign Metadata'!H$5), 'Campaign Metadata'!A$5, "Outside Campaign" )))) -> FestiveRadiance | E159: Story | F159: Check out our latest story on instagram! | G159: 3770 | H159: 917 | I159: 129 | J159: 71630 | K159: 71322 | L159: 76 | M159: LiveForNow | P159: 0.067234399 | Q159: =DATEVALUE(C159) -> 45587 | R159: =G159 + H159 + I159 -> 4816 | S159: =IF(D159="Outside Campaign","Before Campaign","During Campaign") -> During Campaign | T159: =IF(B159=B158, K159-K158, 0) -> 14432 | U159: =ISOWEEKNUM(C159) -> 43
A160: P020 | B160: INSTAGRAM | C160: 45544 | D160: =IF( AND(C160 >= 'Campaign Metadata'!J$2, C160 <= 'Campaign Metadata'!H$2), 'Campaign Metadata'!A$2, IF( AND(C160 >= 'Campaign Metadata'!J$3, C160 <= 'Campaign Metadata'!H$3), 'Campaign Metadata'!A$3, IF( AND(C160 >= 'Campaign Metadata'!J$4, C160 <= 'Campaign Metadata'!H$4), 'Campaign Metadata'!A$4, IF( AND(C160 >= 'Campaign Metadata'!J$5, C160 <= 'Campaign Metadata'!H$5), 'Campaign Metadata'!A$5, "Outside Campaign" )))) -> SummerSplash | E160: Carousel | F160: Check out our latest carousel on instagram! | G160: 4054 | H160: 488 | I160: 373 | J160: 77026 | K160: 76881 | L160: 25 | M160: PepsiCoRefresh | P160: 0.063809623 | Q160: =DATEVALUE(C160) -> 45544 | R160: =G160 + H160 + I160 -> 4915 | S160: =IF(D160="Outside Campaign","Before Campaign","During Campaign") -> During Campaign | T160: =IF(B160=B159, K160-K159, 0) -> 5559 | U160: =ISOWEEKNUM(C160) -> 37
... A184: P047 | B184: TWITTER | C184: 45712 | D184: =IF( AND(C184 >= 'Campaign Metadata'!J$2, C184 <= 'Campaign Metadata'!H$2), 'Campaign Metadata'!A$2, IF( AND(C184 >= 'Campaign Metadata'!J$3, C184 <= 'Campaign Metadata'!H$3), 'Campaign Metadata'!A$3, IF( AND(C184 >= 'Campaign Metadata'!J$4, C184 <= 'Campaign Metadata'!H$4), 'Campaign Metadata'!A$4, IF( AND(C184 >= 'Campaign Metadata'!J$5, C184 <= 'Campaign Metadata'!H$5), 'Campaign Metadata'!A$5, "Outside Campaign" )))) -> NewYearRefresh | E184: Carousel | F184: Check out our latest carousel on twitter! | G184: 2704 | H184: 752 | I184: 153 | J184: 21632 | K184: 20792 | L184: 127 | M184: LiveForNow | P184: 0.16683617 | Q184: =DATEVALUE(C184) -> 45712 | R184: =G184 + H184 + I184 -> 3609 | S184: =IF(D184="Outside Campaign","Before Campaign","During Campaign") -> During Campaign | T184: =IF(B184=B183, K184-K183, 0) -> -4171 | U184: =ISOWEEKNUM(C184) -> 9
A185: P295 | B185: TWITTER | C185: 45783 | D185: =IF( AND(C185 >= 'Campaign Metadata'!J$2, C185 <= 'Campaign Metadata'!H$2), 'Campaign Metadata'!A$2, IF( AND(C185 >= 'Campaign Metadata'!J$3, C185 <= 'Campaign Metadata'!H$3), 'Campaign Metadata'!A$3, IF( AND(C185 >= 'Campaign Metadata'!J$4, C185 <= 'Campaign Metadata'!H$4), 'Campaign Metadata'!A$4, IF( AND(C185 >= 'Campaign Metadata'!J$5, C185 <= 'Campaign Metadata'!H$5), 'Campaign Metadata'!A$5, "Outside Campaign" )))) -> Outside Campaign | E185: Image | F185: Check out our latest image on twitter! | G185: 1952 | H185: 344 | I185: 287 | J185: 15616 | K185: 15403 | L185: 235 | M185: LiveForNow | N185: PepsiCoRefresh | O185: AnytimeIsPepsiTime | P185: 0.16540727 | Q185: =DATEVALUE(C185) -> 45783 | R185: =G185 + H185 + I185 -> 2583 | S185: =IF(D185="Outside Campaign","Before Campaign","During Campaign") -> Before Campaign | T185: =IF(B185=B184, K185-K184, 0) -> -5389 | U185: =ISOWEEKNUM(C185) -> 19
A186: P138 | B186: TWITTER | C186: 45745 | D186: =IF( AND(C186 >= 'Campaign Metadata'!J$2, C186 <= 'Campaign Metadata'!H$2), 'Campaign Metadata'!A$2, IF( AND(C186 >= 'Campaign Metadata'!J$3, C186 <= 'Campaign Metadata'!H$3), 'Campaign Metadata'!A$3, IF( AND(C186 >= 'Campaign Metadata'!J$4, C186 <= 'Campaign Metadata'!H$4), 'Campaign Metadata'!A$4, IF( AND(C186 >= 'Campaign Metadata'!J$5, C186 <= 'Campaign Metadata'!H$5), 'Campaign Metadata'!A$5, "Outside Campaign" )))) -> Outside Campaign | E186: Image | F186: Check out our latest image on twitter! | G186: 305 | H186: 187 | I186: 243 | J186: 4575 | K186: 3704 | L186: 234 | M186: LiveForNow | P186: 0.16065574 | Q186: =DATEVALUE(C186) -> 45745 | R186: =G186 + H186 + I186 -> 735 | S186: =IF(D186="Outside Campaign","Before Campaign","During Campaign") -> Before Campaign | T186: =IF(B186=B185, K186-K185, 0) -> -11699 | U186: =ISOWEEKNUM(C186) -> 13
...

Sheet Vedio link
A1: Video Link
A2: https://drive.google.com/file/d/1Iif33WYpArPZwY1hlmqILMIdPJ4vEkmL/view?usp=sharing

Sheet Hashtag_Long
A1: Post ID | B1: Clicks | C1: Hashtag | D1: Likes | E1: Comments
A2: P220 | B2: 12 | C2: ThirstyForMore | D2: =VLOOKUP(A2, Posts!A:H, 7, FALSE) -> 84 | E2: =VLOOKUP(A2, Posts!A:I, 8, FALSE) -> 897
A3: P058 | B3: 262 | C3: PepsiCoRefresh | D3: =VLOOKUP(A3, Posts!A:H, 7, FALSE) -> 103 | E3: =VLOOKUP(A3, Posts!A:I, 8, FALSE) -> 770
A4: P232 | B4: 201 | C4: ThirstyForMore | D4: =VLOOKUP(A4, Posts!A:H, 7, FALSE) -> 249 | E4: =VLOOKUP(A4, Posts!A:I, 8, FALSE) -> 592
A5: P178 | B5: 238 | C5: PepsiCoRefresh | D5: =VLOOKUP(A5, Posts!A:H, 7, FALSE) -> 129 | E5: =VLOOKUP(A5, Posts!A:I, 8, FALSE) -> 643
A6: P175 | B6: 154 | C6: LiveForNow | D6: =VLOOKUP(A6, Posts!A:H, 7, FALSE) -> 142 | E6: =VLOOKUP(A6, Posts!A:I, 8, FALSE) -> 784
A7: P062 | B7: 148 | C7: PepsiCoRefresh | D7: =VLOOKUP(A7, Posts!A:H, 7, FALSE) -> 53 | E7: =VLOOKUP(A7, Posts!A:I, 8, FALSE) -> 81
A8: P264 | B8: 293 | C8: PepsiCoRefresh | D8: =VLOOKUP(A8, Posts!A:H, 7, FALSE) -> 59 | E8: =VLOOKUP(A8, Posts!A:I, 8, FALSE) -> 163
A9: P143 | B9: 117 | C9: PepsiCoRefresh | D9: =VLOOKUP(A9, Posts!A:H, 7, FALSE) -> 80 | E9: =VLOOKUP(A9, Posts!A:I, 8, FALSE) -> 362
A10: P210 | B10: 287 | C10: LiveForNow | D10: =VLOOKUP(A10, Posts!A:H, 7, FALSE) -> 257 | E10: =VLOOKUP(A10, Posts!A:I, 8, FALSE) -> 966
A11: P070 | B11: 43 | C11: PepsiCoRefresh | D11: =VLOOKUP(A11, Posts!A:H, 7, FALSE) -> 199 | E11: =VLOOKUP(A11, Posts!A:I, 8, FALSE) -> 772
A12: P214 | B12: 282 | C12: LiveForNow | D12: =VLOOKUP(A12, Posts!A:H, 7, FALSE) -> 521 | E12: =VLOOKUP(A12, Posts!A:I, 8, FALSE) -> 746
A13: P053 | B13: 11 | C13: ThirstyForMore | D13: =VLOOKUP(A13, Posts!A:H, 7, FALSE) -> 804 | E13: =VLOOKUP(A13, Posts!A:I, 8, FALSE) -> 639
... A340: P257 | B340: 25 | C340: BetterWithPepsi | D340: =VLOOKUP(A340, Posts!A:H, 7, FALSE) -> 3090 | E340: =VLOOKUP(A340, Posts!A:I, 8, FALSE) -> 697

Sheet Engagement Summary
A1: Week_Start_Date | B1: Platform | C1: New_Followers | D1: Unfollows | E1: Total_Followers | F1: Engagement_Rate | G1: Ad_Spend
A2: 2024-06-03 | B2: Instagram | C2: 1135 | D2: 88 | E2: 344084 | F2: 8.06 | G2: 5904
A3: 2024-06-03 | B3: Facebook | C3: 1312 | D3: 310 | E3: 42654 | F3: 4.98 | G3: 9566
A4: 2024-06-03 | B4: Twitter | C4: 584 | D4: 169 | E4: 146834 | F4: 8.31 | G4: 26752
A5: 2024-06-03 | B5: YouTube | C5: 1535 | D5: 445 | E5: 395536 | F5: 4.11 | G5: 30671
A6: 2024-06-10 | B6: Instagram | C6: 656 | D6: 139 | E6: 49157 | F6: 9.05 | G6: 9920
A7: 2024-06-10 | B7: Facebook | C7: 1697 | D7: 414 | E7: 316555 | F7: 2.37 | G7: 7924
A8: 2024-06-10 | B8: Twitter | C8: 436 | D8: 250 | E8: 254347 | F8: 4.01 | G8: 8912
A9: 2024-06-10 | B9: YouTube | C9: 1197 | D9: 203 | E9: 413878 | F9: 3.16 | G9: 21205
A10: 2024-06-17 | B10: Instagram | C10: 1048 | D10: 155 | E10: 456946 | F10: 2.46 | G10: 11329
A11: 2024-06-17 | B11: Facebook | C11: 1753 | D11: 371 | E11: 169496 | F11: 8.11 | G11: 46670
A12: 2024-06-17 | B12: Twitter | C12: 1335 | D12: 40 | E12: 122732 | F12: 8.19 | G12: 22482
A13: 2024-06-17 | B13: YouTube | C13: 403 | D13: 66 | E13: 382851 | F13: 3.49 | G13: 24313
... A201: 2025-05-12 | B201: YouTube | C201: 119 | D201: 456 | E201: 82558 | F201: 6.81 | G201: 12174

Sheet Avg_Engagement_by_Platform

Sheet Pivot_Content_Platform

Sheet Avg_Clicks_by_Hashtag
C1: Rank
C2: =RANK(B2,$B$2:$B$7,0) -> 1
C3: =RANK(B3,$B$2:$B$7,0) -> 5
C4: =RANK(B4,$B$2:$B$7,0) -> 4
C5: =RANK(B5,$B$2:$B$7,0) -> 2
C6: =RANK(B6,$B$2:$B$7,0) -> 6
C7: =RANK(B7,$B$2:$B$7,0) -> 3

Sheet Most frequently used hashtags

Sheet Avg_Growth_by_Platform

Sheet Engagement_vs_AdSpend

Sheet Task 3 - Conclusion
A1: Task 3 – Part 4: Platform Strategy Recommendation
A2: Based on the analysis done in Task 3, we can clearly see that all platforms are not performing equally. From the average engagement rate analysis, Instagram has the highest engagement rate, followed closely by Twitter. Facebook and YouTube show comparatively lower engagement levels than these two platforms. From the growth rate analysis using average new followers, Instagram again shows the highest follower growth, and Twitter also performs well. This indicates that these platforms are not only engaging users better but are also growing their audience faster. From the engagement versus ad spend analysis, we can observe that Instagram gives good engagement even with moderate ad spend, which makes it more cost-effective. Some platforms spend more on ads but do not receive proportionally higher engagement in return. Therefore, it is better for the company to focus mainly on 1–2 core platforms, especially Instagram and Twitter, instead of spreading the budget equally across all platforms. By focusing more on these high-performing platforms, the company can achieve: -Higher engagement -Better return on ad spend -Faster follower growth However, the company should still maintain a presence on other platforms like Facebook and YouTube, but with lower budget and lower priority, mainly for brand visibility. Conclusion: The best strategy is to focus primarily on Instagram and Twitter as core platforms, while maintaining a limited multi-platform presence to ensure overall brand reach and visibility.

Sheet Content_vs_Platform

Sheet Task 4 – Content Strategy Recom
A1: Task 4 – Part 3: Content Type Strategy Recommendation
A2: Based on the content vs platform analysis, we can see that different platforms perform better with different content types. On Instagram, Reels and Carousels show the highest average likes and comments compared to Images, Stories, and Text posts. This indicates that Instagram users prefer more visual and interactive content. Therefore, Instagram should prioritize Reels and Carousels to maximize engagement. On Facebook, Carousels and Stories perform better than other content types. These formats attract more user interaction in terms of likes and comments. Hence, Facebook should focus more on Carousel posts and Stories for better performance. On YouTube, Videos (Reels/Video content) clearly perform the best, with higher average engagement compared to Images and Text. This is expected because YouTube is primarily a video-based platform. Therefore, YouTube should prioritize Video content as the main content type. Overall, the content strategy should be platform-specific: -Instagram: Focus mainly on Reels and Carousels -Facebook: Focus on Carousels and Stories -YouTube: Strongly prioritize Video content This platform-wise content strategy will help improve engagement and make better use of content creation efforts.

Sheet Campaign Metadata
A1: Campaign_Name | B1: Start_Date | C1: End_Date | D1: Objective | E1: Total_Budget | F1: Target_Platforms | G1: Primary_Hashtags | H1: =DATEVALUE(TEXT(B2,"mm/dd/yyyy")) -> 45458 | I1: =DATEVALUE(TEXT(C2,"mm/dd/yyyy")) -> 45488
A2: SummerSplash | B2: 45458 | C2: 45488 | D2: Brand Awareness | E2: 150000 | F2: Instagram,Facebook | G2: #ThirstyForMore,#PepsiCoRefresh | H2: =DATEVALUE(TEXT(B3,"mm/dd/yyyy")) -> 45566 | I2: =DATEVALUE(TEXT(C3,"mm/dd/yyyy")) -> 45596
A3: FestiveRadiance | B3: 45566 | C3: 45596 | D3: Engagement | E3: 200000 | F3: Instagram,YouTube | G3: #AnytimeIsPepsiTime, | H3: =DATEVALUE(TEXT(B4,"mm/dd/yyyy")) -> 45651 | I3: =DATEVALUE(TEXT(C4,"mm/dd/yyyy")) -> 45667
A4: NewYearRefresh | B4: 45651 | C4: 45667 | D4: Product Launch | E4: 250000 | F4: Facebook,Twitter | G4: #SmoothLikeNitroPepsi | H4: =DATEVALUE(TEXT(B5,"mm/dd/yyyy")) -> 45717 | I4: =DATEVALUE(TEXT(C5,"mm/dd/yyyy")) -> 45747
A5: DailyWellness | B5: 45717 | C5: 45747 | D5: Traffic | E5: 180000 | F5: Instagram,Twitter | G5: #BetterWithPepsi,#LiveForNow | H5: =DATEVALUE(TEXT(B6,"mm/dd/yyyy")) -> 0 | I5: =DATEVALUE(TEXT(C6,"mm/dd/yyyy")) -> 0

Sheet Campaign_Performance

Sheet Campaign_Engagement_Uplift
E2: Engagement_Uplift_%
E3: =IFERROR( (C3 - B3) / B3 , 0 ) -> 0
E4: =IFERROR( (C4 - B4) / B4 , 0 ) -> 0
E5: =IFERROR( (C5 - B5) / B5 , 0 ) -> -1
E6: =IFERROR( (C6 - B6) / B6 , 0 ) -> 0
E7: =IFERROR( (C7 - B7) / B7 , 0 ) -> 2.4496197

Sheet Highest ROI (Engagement vs Budg
A1: Campaign_Name | B1: Total_Engagement | C1: Total_Budget | D1: ROI
A2: SummerSplash | B2: =VLOOKUP(A2, Campaign_Performance!A:D, 4, FALSE) -> 283492 | C2: =VLOOKUP(A2, 'Campaign Metadata'!A:E, 5, FALSE) -> 150000 | D2: =IFERROR(B2 / C2, "") -> 1.8899467
A3: FestiveRadiance | B3: =VLOOKUP(A3, Campaign_Performance!A:D, 4, FALSE) -> 236043 | C3: =VLOOKUP(A3, 'Campaign Metadata'!A:E, 5, FALSE) -> 200000 | D3: =IFERROR(B3 / C3, "") -> 1.180215
A4: NewYearRefresh | B4: =VLOOKUP(A4, Campaign_Performance!A:D, 4, FALSE) -> 117077 | C4: =VLOOKUP(A4, 'Campaign Metadata'!A:E, 5, FALSE) -> 250000 | D4: =IFERROR(B4 / C4, "") -> 0.468308

Sheet Follower_Growth_Impact

Sheet Weekly_Follower_Growth_Trends

Sheet Weekly_Max_Follower_Gain

Sheet Moving_Average_Follower_Growth
A1: Week | B1: Follower_Growth | C1: Moving_Avg_3_Weeks
A2: 1 | B2: -5399
A3: 2 | B3: 16004
A4: 3 | B4: -73869 | C4: =AVERAGE(B2:B4) -> -21088
A5: 4 | B5: -15928 | C5: =AVERAGE(B3:B5) -> -24597.667
A6: 5 | B6: 25234 | C6: =AVERAGE(B4:B6) -> -21521
A7: 6 | B7: 17670 | C7: =AVERAGE(B5:B7) -> 8992
A8: 7 | B8: 22964 | C8: =AVERAGE(B6:B8) -> 21956
A9: 8 | B9: 48821 | C9: =AVERAGE(B7:B9) -> 29818.333
A10: 9 | B10: -34815 | C10: =AVERAGE(B8:B10) -> 12323.333
A11: 10 | B11: -50262 | C11: =AVERAGE(B9:B11) -> -12085.333
A12: 11 | B12: -30038 | C12: =AVERAGE(B10:B12) -> -38371.667
A13: 12 | B13: -19810 | C13: =AVERAGE(B11:B13) -> -33370
A14: 13 | B14: 52830 | C14: =AVERAGE(B12:B14) -> 994
A15: 14 | B15: 33755 | C15: =AVERAGE(B13:B15) -> 22258.333
... A52: 52 | B52: 26553 | C52: =AVERAGE(B50:B52) -> 11333.333

Sheet AdSpend_vs_FollowerGrowth
A1: Campaign_Name | B1: Total_Budget | C1: Total_Follower_Growth | E1: Correlation between Ad Spend & Follower Growth
A2: SummerSplash | B2: =IFERROR(VLOOKUP(A2, 'Campaign Metadata'!A:E, 5, FALSE), "") -> 150000 | C2: =SUMIF(Posts!D:D, A2, Posts!U:U) -> 3107 | E2: =CORREL(B2:B5, C2:C5) -> -0.4293947
A3: FestiveRadiance | B3: =IFERROR(VLOOKUP(A3, 'Campaign Metadata'!A:E, 5, FALSE), "") -> 200000 | C3: =SUMIF(Posts!D:D, A3, Posts!U:U) -> 3829
A4: NewYearRefresh | B4: =IFERROR(VLOOKUP(A4, 'Campaign Metadata'!A:E, 5, FALSE), "") -> 250000 | C4: =SUMIF(Posts!D:D, A4, Posts!U:U) -> 276
A5: DailyWellness | B5: =IFERROR(VLOOKUP(A5, 'Campaign Metadata'!A:E, 5, FALSE), "") -> 180000 | C5: =SUMIF(Posts!D:D, A5, Posts!U:U) -> 0
